"max_iters","gamma","categorical_subsets","standardize","nan_threshold_percentage","nan_replacement_type","extrema_clip_percentage","non_informative_threshold","feature_augmentation","poly_max_degree","ihs","sine","sinh","cosine","cosh","exp","abs","seed","test_accuracies"
3000,0.0001,"[[0, 1, 2, 3]]",True,0.5,"mean",0.0,1.0,False,0,False,False,False,False,False,False,False,270404,"[0.672, 0.676, 0.724, 0.722, 0.736, 0.708, 0.678, 0.708, 0.67, 0.732]"
3000,0.0001,"[[0, 1, 2, 3]]",True,0.5,"median",0.0,1.0,False,0,False,False,False,False,False,False,False,270404,"[0.674, 0.678, 0.722, 0.722, 0.734, 0.706, 0.674, 0.706, 0.674, 0.732]"
3000,0.0001,"[[0, 1, 2, 3]]",True,0.6333333333333333,"mean",0.0,1.0,False,0,False,False,False,False,False,False,False,270404,"[0.672, 0.676, 0.724, 0.722, 0.736, 0.708, 0.678, 0.708, 0.67, 0.732]"
3000,0.0001,"[[0, 1, 2, 3]]",True,0.6333333333333333,"median",0.0,1.0,False,0,False,False,False,False,False,False,False,270404,"[0.674, 0.678, 0.722, 0.722, 0.734, 0.706, 0.674, 0.706, 0.674, 0.732]"
3000,0.0001,"[[0, 1, 2, 3]]",True,0.7666666666666666,"mean",0.0,1.0,False,0,False,False,False,False,False,False,False,270404,"[0.674, 0.698, 0.736, 0.736, 0.752, 0.724, 0.692, 0.706, 0.688, 0.758]"
3000,0.0001,"[[0, 1, 2, 3]]",True,0.7666666666666666,"median",0.0,1.0,False,0,False,False,False,False,False,False,False,270404,"[0.672, 0.696, 0.732, 0.74, 0.742, 0.72, 0.686, 0.716, 0.686, 0.752]"
3000,0.0001,"[[0, 1, 2, 3]]",True,0.9,"mean",0.0,1.0,False,0,False,False,False,False,False,False,False,270404,"[0.674, 0.698, 0.736, 0.736, 0.752, 0.724, 0.692, 0.706, 0.688, 0.758]"
3000,0.0001,"[[0, 1, 2, 3]]",True,0.9,"median",0.0,1.0,False,0,False,False,False,False,False,False,False,270404,"[0.672, 0.696, 0.732, 0.74, 0.742, 0.72, 0.686, 0.716, 0.686, 0.752]"
3000,0.001,"[[0, 1, 2, 3]]",True,0.5,"mean",0.0,1.0,False,0,False,False,False,False,False,False,False,270404,"[0.714, 0.704, 0.746, 0.752, 0.764, 0.742, 0.68, 0.726, 0.714, 0.76]"
3000,0.001,"[[0, 1, 2, 3]]",True,0.5,"median",0.0,1.0,False,0,False,False,False,False,False,False,False,270404,"[0.718, 0.702, 0.75, 0.752, 0.764, 0.744, 0.68, 0.73, 0.712, 0.762]"
3000,0.001,"[[0, 1, 2, 3]]",True,0.6333333333333333,"mean",0.0,1.0,False,0,False,False,False,False,False,False,False,270404,"[0.714, 0.704, 0.746, 0.752, 0.764, 0.742, 0.68, 0.726, 0.714, 0.76]"
3000,0.001,"[[0, 1, 2, 3]]",True,0.6333333333333333,"median",0.0,1.0,False,0,False,False,False,False,False,False,False,270404,"[0.718, 0.702, 0.75, 0.752, 0.764, 0.744, 0.68, 0.73, 0.712, 0.762]"
3000,0.001,"[[0, 1, 2, 3]]",True,0.7666666666666666,"mean",0.0,1.0,False,0,False,False,False,False,False,False,False,270404,"[0.714, 0.714, 0.76, 0.746, 0.78, 0.746, 0.698, 0.732, 0.732, 0.78]"
3000,0.001,"[[0, 1, 2, 3]]",True,0.7666666666666666,"median",0.0,1.0,False,0,False,False,False,False,False,False,False,270404,"[0.71, 0.714, 0.762, 0.744, 0.776, 0.744, 0.696, 0.73, 0.732, 0.78]"
3000,0.001,"[[0, 1, 2, 3]]",True,0.9,"mean",0.0,1.0,False,0,False,False,False,False,False,False,False,270404,"[0.714, 0.714, 0.76, 0.746, 0.78, 0.746, 0.698, 0.732, 0.732, 0.78]"
3000,0.001,"[[0, 1, 2, 3]]",True,0.9,"median",0.0,1.0,False,0,False,False,False,False,False,False,False,270404,"[0.71, 0.714, 0.762, 0.744, 0.776, 0.744, 0.696, 0.73, 0.732, 0.78]"
3000,0.01,"[[0, 1, 2, 3]]",True,0.5,"mean",0.0,1.0,False,0,False,False,False,False,False,False,False,270404,"[0.754, 0.694, 0.76, 0.722, 0.766, 0.764, 0.712, 0.732, 0.752, 0.748]"
3000,0.01,"[[0, 1, 2, 3]]",True,0.5,"median",0.0,1.0,False,0,False,False,False,False,False,False,False,270404,"[0.754, 0.7, 0.762, 0.724, 0.768, 0.766, 0.71, 0.73, 0.752, 0.746]"
3000,0.01,"[[0, 1, 2, 3]]",True,0.6333333333333333,"mean",0.0,1.0,False,0,False,False,False,False,False,False,False,270404,"[0.754, 0.694, 0.76, 0.722, 0.766, 0.764, 0.712, 0.732, 0.752, 0.748]"
3000,0.01,"[[0, 1, 2, 3]]",True,0.6333333333333333,"median",0.0,1.0,False,0,False,False,False,False,False,False,False,270404,"[0.754, 0.7, 0.762, 0.724, 0.768, 0.766, 0.71, 0.73, 0.752, 0.746]"
3000,0.01,"[[0, 1, 2, 3]]",True,0.7666666666666666,"mean",0.0,1.0,False,0,False,False,False,False,False,False,False,270404,"[0.742, 0.708, 0.772, 0.74, 0.78, 0.77, 0.73, 0.742, 0.754, 0.772]"
3000,0.01,"[[0, 1, 2, 3]]",True,0.7666666666666666,"median",0.0,1.0,False,0,False,False,False,False,False,False,False,270404,"[0.744, 0.708, 0.772, 0.742, 0.776, 0.77, 0.73, 0.738, 0.754, 0.774]"
3000,0.01,"[[0, 1, 2, 3]]",True,0.9,"mean",0.0,1.0,False,0,False,False,False,False,False,False,False,270404,"[0.742, 0.708, 0.772, 0.74, 0.78, 0.77, 0.73, 0.742, 0.754, 0.772]"
3000,0.01,"[[0, 1, 2, 3]]",True,0.9,"median",0.0,1.0,False,0,False,False,False,False,False,False,False,270404,"[0.744, 0.708, 0.772, 0.742, 0.776, 0.77, 0.73, 0.738, 0.754, 0.774]"
3000,0.1,"[[0, 1, 2, 3]]",True,0.5,"mean",0.0,1.0,False,0,False,False,False,False,False,False,False,270404,"[0.738, 0.686, 0.732, 0.692, 0.726, 0.718, 0.652, 0.662, 0.726, 0.728]"
3000,0.1,"[[0, 1, 2, 3]]",True,0.5,"median",0.0,1.0,False,0,False,False,False,False,False,False,False,270404,"[0.738, 0.69, 0.73, 0.7, 0.726, 0.72, 0.66, 0.656, 0.726, 0.73]"
3000,0.1,"[[0, 1, 2, 3]]",True,0.6333333333333333,"mean",0.0,1.0,False,0,False,False,False,False,False,False,False,270404,"[0.738, 0.686, 0.732, 0.692, 0.726, 0.718, 0.652, 0.662, 0.726, 0.728]"
3000,0.1,"[[0, 1, 2, 3]]",True,0.6333333333333333,"median",0.0,1.0,False,0,False,False,False,False,False,False,False,270404,"[0.738, 0.69, 0.73, 0.7, 0.726, 0.72, 0.66, 0.656, 0.726, 0.73]"
3000,0.1,"[[0, 1, 2, 3]]",True,0.7666666666666666,"mean",0.0,1.0,False,0,False,False,False,False,False,False,False,270404,"[0.746, 0.682, 0.702, 0.706, 0.746, 0.72, 0.696, 0.686, 0.722, 0.746]"
3000,0.1,"[[0, 1, 2, 3]]",True,0.7666666666666666,"median",0.0,1.0,False,0,False,False,False,False,False,False,False,270404,"[0.75, 0.682, 0.71, 0.718, 0.742, 0.722, 0.696, 0.692, 0.722, 0.75]"
3000,0.1,"[[0, 1, 2, 3]]",True,0.9,"mean",0.0,1.0,False,0,False,False,False,False,False,False,False,270404,"[0.746, 0.682, 0.702, 0.706, 0.746, 0.72, 0.696, 0.686, 0.722, 0.746]"
3000,0.1,"[[0, 1, 2, 3]]",True,0.9,"median",0.0,1.0,False,0,False,False,False,False,False,False,False,270404,"[0.75, 0.682, 0.71, 0.718, 0.742, 0.722, 0.696, 0.692, 0.722, 0.75]"
3000,1.0,"[[0, 1, 2, 3]]",True,0.5,"mean",0.0,1.0,False,0,False,False,False,False,False,False,False,270404,"[0.724, 0.696, 0.696, 0.708, 0.728, 0.734, 0.614, 0.65, 0.646, 0.744]"
3000,1.0,"[[0, 1, 2, 3]]",True,0.5,"median",0.0,1.0,False,0,False,False,False,False,False,False,False,270404,"[0.714, 0.674, 0.708, 0.676, 0.756, 0.72, 0.634, 0.656, 0.68, 0.726]"
3000,1.0,"[[0, 1, 2, 3]]",True,0.6333333333333333,"mean",0.0,1.0,False,0,False,False,False,False,False,False,False,270404,"[0.724, 0.696, 0.696, 0.708, 0.728, 0.734, 0.614, 0.65, 0.646, 0.744]"
3000,1.0,"[[0, 1, 2, 3]]",True,0.6333333333333333,"median",0.0,1.0,False,0,False,False,False,False,False,False,False,270404,"[0.714, 0.674, 0.708, 0.676, 0.756, 0.72, 0.634, 0.656, 0.68, 0.726]"
3000,1.0,"[[0, 1, 2, 3]]",True,0.7666666666666666,"mean",0.0,1.0,False,0,False,False,False,False,False,False,False,270404,"[0.714, 0.678, 0.628, 0.712, 0.73, 0.722, 0.674, 0.672, 0.666, 0.73]"
3000,1.0,"[[0, 1, 2, 3]]",True,0.7666666666666666,"median",0.0,1.0,False,0,False,False,False,False,False,False,False,270404,"[0.7, 0.702, 0.686, 0.668, 0.73, 0.698, 0.678, 0.658, 0.684, 0.744]"
3000,1.0,"[[0, 1, 2, 3]]",True,0.9,"mean",0.0,1.0,False,0,False,False,False,False,False,False,False,270404,"[0.714, 0.678, 0.628, 0.712, 0.73, 0.722, 0.674, 0.672, 0.666, 0.73]"
3000,1.0,"[[0, 1, 2, 3]]",True,0.9,"median",0.0,1.0,False,0,False,False,False,False,False,False,False,270404,"[0.7, 0.702, 0.686, 0.668, 0.73, 0.698, 0.678, 0.658, 0.684, 0.744]"
3200,0.0001,"[[0, 1, 2, 3]]",True,0.5,"mean",0.0,1.0,False,0,False,False,False,False,False,False,False,270404,"[0.668, 0.676, 0.722, 0.72, 0.736, 0.708, 0.678, 0.718, 0.674, 0.73]"
3200,0.0001,"[[0, 1, 2, 3]]",True,0.5,"median",0.0,1.0,False,0,False,False,False,False,False,False,False,270404,"[0.668, 0.676, 0.72, 0.722, 0.738, 0.706, 0.678, 0.72, 0.674, 0.728]"
3200,0.0001,"[[0, 1, 2, 3]]",True,0.6333333333333333,"mean",0.0,1.0,False,0,False,False,False,False,False,False,False,270404,"[0.668, 0.676, 0.722, 0.72, 0.736, 0.708, 0.678, 0.718, 0.674, 0.73]"
3200,0.0001,"[[0, 1, 2, 3]]",True,0.6333333333333333,"median",0.0,1.0,False,0,False,False,False,False,False,False,False,270404,"[0.668, 0.676, 0.72, 0.722, 0.738, 0.706, 0.678, 0.72, 0.674, 0.728]"
3200,0.0001,"[[0, 1, 2, 3]]",True,0.7666666666666666,"mean",0.0,1.0,False,0,False,False,False,False,False,False,False,270404,"[0.678, 0.7, 0.738, 0.738, 0.748, 0.726, 0.692, 0.716, 0.696, 0.758]"
3200,0.0001,"[[0, 1, 2, 3]]",True,0.7666666666666666,"median",0.0,1.0,False,0,False,False,False,False,False,False,False,270404,"[0.676, 0.694, 0.73, 0.742, 0.742, 0.714, 0.688, 0.716, 0.696, 0.75]"
3200,0.0001,"[[0, 1, 2, 3]]",True,0.9,"mean",0.0,1.0,False,0,False,False,False,False,False,False,False,270404,"[0.678, 0.7, 0.738, 0.738, 0.748, 0.726, 0.692, 0.716, 0.696, 0.758]"
3200,0.0001,"[[0, 1, 2, 3]]",True,0.9,"median",0.0,1.0,False,0,False,False,False,False,False,False,False,270404,"[0.676, 0.694, 0.73, 0.742, 0.742, 0.714, 0.688, 0.716, 0.696, 0.75]"
3200,0.001,"[[0, 1, 2, 3]]",True,0.5,"mean",0.0,1.0,False,0,False,False,False,False,False,False,False,270404,"[0.72, 0.696, 0.75, 0.748, 0.764, 0.74, 0.686, 0.732, 0.712, 0.764]"
3200,0.001,"[[0, 1, 2, 3]]",True,0.5,"median",0.0,1.0,False,0,False,False,False,False,False,False,False,270404,"[0.722, 0.7, 0.75, 0.75, 0.764, 0.742, 0.686, 0.736, 0.714, 0.764]"
3200,0.001,"[[0, 1, 2, 3]]",True,0.6333333333333333,"mean",0.0,1.0,False,0,False,False,False,False,False,False,False,270404,"[0.72, 0.696, 0.75, 0.748, 0.764, 0.74, 0.686, 0.732, 0.712, 0.764]"
3200,0.001,"[[0, 1, 2, 3]]",True,0.6333333333333333,"median",0.0,1.0,False,0,False,False,False,False,False,False,False,270404,"[0.722, 0.7, 0.75, 0.75, 0.764, 0.742, 0.686, 0.736, 0.714, 0.764]"
3200,0.001,"[[0, 1, 2, 3]]",True,0.7666666666666666,"mean",0.0,1.0,False,0,False,False,False,False,False,False,False,270404,"[0.718, 0.712, 0.752, 0.748, 0.768, 0.748, 0.694, 0.75, 0.728, 0.778]"
3200,0.001,"[[0, 1, 2, 3]]",True,0.7666666666666666,"median",0.0,1.0,False,0,False,False,False,False,False,False,False,270404,"[0.714, 0.714, 0.754, 0.748, 0.768, 0.75, 0.694, 0.75, 0.726, 0.776]"
3200,0.001,"[[0, 1, 2, 3]]",True,0.9,"mean",0.0,1.0,False,0,False,False,False,False,False,False,False,270404,"[0.718, 0.712, 0.752, 0.748, 0.768, 0.748, 0.694, 0.75, 0.728, 0.778]"
3200,0.001,"[[0, 1, 2, 3]]",True,0.9,"median",0.0,1.0,False,0,False,False,False,False,False,False,False,270404,"[0.714, 0.714, 0.754, 0.748, 0.768, 0.75, 0.694, 0.75, 0.726, 0.776]"
3200,0.01,"[[0, 1, 2, 3]]",True,0.5,"mean",0.0,1.0,False,0,False,False,False,False,False,False,False,270404,"[0.716, 0.714, 0.742, 0.734, 0.764, 0.748, 0.706, 0.742, 0.734, 0.732]"
3200,0.01,"[[0, 1, 2, 3]]",True,0.5,"median",0.0,1.0,False,0,False,False,False,False,False,False,False,270404,"[0.716, 0.716, 0.746, 0.734, 0.762, 0.748, 0.706, 0.742, 0.734, 0.734]"
3200,0.01,"[[0, 1, 2, 3]]",True,0.6333333333333333,"mean",0.0,1.0,False,0,False,False,False,False,False,False,False,270404,"[0.716, 0.714, 0.742, 0.734, 0.764, 0.748, 0.706, 0.742, 0.734, 0.732]"
3200,0.01,"[[0, 1, 2, 3]]",True,0.6333333333333333,"median",0.0,1.0,False,0,False,False,False,False,False,False,False,270404,"[0.716, 0.716, 0.746, 0.734, 0.762, 0.748, 0.706, 0.742, 0.734, 0.734]"
3200,0.01,"[[0, 1, 2, 3]]",True,0.7666666666666666,"mean",0.0,1.0,False,0,False,False,False,False,False,False,False,270404,"[0.734, 0.73, 0.76, 0.742, 0.77, 0.746, 0.73, 0.746, 0.74, 0.756]"
3200,0.01,"[[0, 1, 2, 3]]",True,0.7666666666666666,"median",0.0,1.0,False,0,False,False,False,False,False,False,False,270404,"[0.732, 0.732, 0.758, 0.74, 0.764, 0.748, 0.728, 0.744, 0.74, 0.76]"
3200,0.01,"[[0, 1, 2, 3]]",True,0.9,"mean",0.0,1.0,False,0,False,False,False,False,False,False,False,270404,"[0.734, 0.73, 0.76, 0.742, 0.77, 0.746, 0.73, 0.746, 0.74, 0.756]"
3200,0.01,"[[0, 1, 2, 3]]",True,0.9,"median",0.0,1.0,False,0,False,False,False,False,False,False,False,270404,"[0.732, 0.732, 0.758, 0.74, 0.764, 0.748, 0.728, 0.744, 0.74, 0.76]"
3200,0.1,"[[0, 1, 2, 3]]",True,0.5,"mean",0.0,1.0,False,0,False,False,False,False,False,False,False,270404,"[0.698, 0.686, 0.664, 0.67, 0.704, 0.698, 0.658, 0.72, 0.71, 0.722]"
3200,0.1,"[[0, 1, 2, 3]]",True,0.5,"median",0.0,1.0,False,0,False,False,False,False,False,False,False,270404,"[0.704, 0.688, 0.66, 0.67, 0.702, 0.69, 0.658, 0.716, 0.706, 0.722]"
3200,0.1,"[[0, 1, 2, 3]]",True,0.6333333333333333,"mean",0.0,1.0,False,0,False,False,False,False,False,False,False,270404,"[0.698, 0.686, 0.664, 0.67, 0.704, 0.698, 0.658, 0.72, 0.71, 0.722]"
3200,0.1,"[[0, 1, 2, 3]]",True,0.6333333333333333,"median",0.0,1.0,False,0,False,False,False,False,False,False,False,270404,"[0.704, 0.688, 0.66, 0.67, 0.702, 0.69, 0.658, 0.716, 0.706, 0.722]"
3200,0.1,"[[0, 1, 2, 3]]",True,0.7666666666666666,"mean",0.0,1.0,False,0,False,False,False,False,False,False,False,270404,"[0.72, 0.7, 0.724, 0.702, 0.734, 0.712, 0.688, 0.728, 0.72, 0.738]"
3200,0.1,"[[0, 1, 2, 3]]",True,0.7666666666666666,"median",0.0,1.0,False,0,False,False,False,False,False,False,False,270404,"[0.714, 0.704, 0.72, 0.704, 0.732, 0.714, 0.684, 0.724, 0.726, 0.74]"
3200,0.1,"[[0, 1, 2, 3]]",True,0.9,"mean",0.0,1.0,False,0,False,False,False,False,False,False,False,270404,"[0.72, 0.7, 0.724, 0.702, 0.734, 0.712, 0.688, 0.728, 0.72, 0.738]"
3200,0.1,"[[0, 1, 2, 3]]",True,0.9,"median",0.0,1.0,False,0,False,False,False,False,False,False,False,270404,"[0.714, 0.704, 0.72, 0.704, 0.732, 0.714, 0.684, 0.724, 0.726, 0.74]"
3200,1.0,"[[0, 1, 2, 3]]",True,0.5,"mean",0.0,1.0,False,0,False,False,False,False,False,False,False,270404,"[0.672, 0.66, 0.6, 0.606, 0.66, 0.648, 0.65, 0.698, 0.648, 0.7]"
3200,1.0,"[[0, 1, 2, 3]]",True,0.5,"median",0.0,1.0,False,0,False,False,False,False,False,False,False,270404,"[0.68, 0.698, 0.57, 0.652, 0.652, 0.606, 0.622, 0.728, 0.62, 0.682]"
3200,1.0,"[[0, 1, 2, 3]]",True,0.6333333333333333,"mean",0.0,1.0,False,0,False,False,False,False,False,False,False,270404,"[0.672, 0.66, 0.6, 0.606, 0.66, 0.648, 0.65, 0.698, 0.648, 0.7]"
3200,1.0,"[[0, 1, 2, 3]]",True,0.6333333333333333,"median",0.0,1.0,False,0,False,False,False,False,False,False,False,270404,"[0.68, 0.698, 0.57, 0.652, 0.652, 0.606, 0.622, 0.728, 0.62, 0.682]"
3200,1.0,"[[0, 1, 2, 3]]",True,0.7666666666666666,"mean",0.0,1.0,False,0,False,False,False,False,False,False,False,270404,"[0.68, 0.7, 0.66, 0.652, 0.714, 0.694, 0.672, 0.718, 0.68, 0.716]"
3200,1.0,"[[0, 1, 2, 3]]",True,0.7666666666666666,"median",0.0,1.0,False,0,False,False,False,False,False,False,False,270404,"[0.706, 0.658, 0.596, 0.664, 0.716, 0.666, 0.636, 0.696, 0.676, 0.69]"
3200,1.0,"[[0, 1, 2, 3]]",True,0.9,"mean",0.0,1.0,False,0,False,False,False,False,False,False,False,270404,"[0.68, 0.7, 0.66, 0.652, 0.714, 0.694, 0.672, 0.718, 0.68, 0.716]"
3200,1.0,"[[0, 1, 2, 3]]",True,0.9,"median",0.0,1.0,False,0,False,False,False,False,False,False,False,270404,"[0.706, 0.658, 0.596, 0.664, 0.716, 0.666, 0.636, 0.696, 0.676, 0.69]"
3400,0.0001,"[[0, 1, 2, 3]]",True,0.5,"mean",0.0,1.0,False,0,False,False,False,False,False,False,False,270404,"[0.668, 0.676, 0.724, 0.724, 0.738, 0.71, 0.674, 0.718, 0.672, 0.73]"
3400,0.0001,"[[0, 1, 2, 3]]",True,0.5,"median",0.0,1.0,False,0,False,False,False,False,False,False,False,270404,"[0.666, 0.676, 0.726, 0.726, 0.74, 0.708, 0.674, 0.72, 0.672, 0.734]"
3400,0.0001,"[[0, 1, 2, 3]]",True,0.6333333333333333,"mean",0.0,1.0,False,0,False,False,False,False,False,False,False,270404,"[0.668, 0.676, 0.724, 0.724, 0.738, 0.71, 0.674, 0.718, 0.672, 0.73]"
3400,0.0001,"[[0, 1, 2, 3]]",True,0.6333333333333333,"median",0.0,1.0,False,0,False,False,False,False,False,False,False,270404,"[0.666, 0.676, 0.726, 0.726, 0.74, 0.708, 0.674, 0.72, 0.672, 0.734]"
3400,0.0001,"[[0, 1, 2, 3]]",True,0.7666666666666666,"mean",0.0,1.0,False,0,False,False,False,False,False,False,False,270404,"[0.686, 0.702, 0.738, 0.74, 0.752, 0.722, 0.69, 0.716, 0.694, 0.76]"
3400,0.0001,"[[0, 1, 2, 3]]",True,0.7666666666666666,"median",0.0,1.0,False,0,False,False,False,False,False,False,False,270404,"[0.674, 0.7, 0.732, 0.742, 0.744, 0.714, 0.688, 0.718, 0.692, 0.752]"
3400,0.0001,"[[0, 1, 2, 3]]",True,0.9,"mean",0.0,1.0,False,0,False,False,False,False,False,False,False,270404,"[0.686, 0.702, 0.738, 0.74, 0.752, 0.722, 0.69, 0.716, 0.694, 0.76]"
3400,0.0001,"[[0, 1, 2, 3]]",True,0.9,"median",0.0,1.0,False,0,False,False,False,False,False,False,False,270404,"[0.674, 0.7, 0.732, 0.742, 0.744, 0.714, 0.688, 0.718, 0.692, 0.752]"
3400,0.001,"[[0, 1, 2, 3]]",True,0.5,"mean",0.0,1.0,False,0,False,False,False,False,False,False,False,270404,"[0.724, 0.7, 0.754, 0.754, 0.758, 0.742, 0.686, 0.726, 0.71, 0.76]"
3400,0.001,"[[0, 1, 2, 3]]",True,0.5,"median",0.0,1.0,False,0,False,False,False,False,False,False,False,270404,"[0.722, 0.702, 0.754, 0.754, 0.758, 0.742, 0.684, 0.724, 0.708, 0.76]"
3400,0.001,"[[0, 1, 2, 3]]",True,0.6333333333333333,"mean",0.0,1.0,False,0,False,False,False,False,False,False,False,270404,"[0.724, 0.7, 0.754, 0.754, 0.758, 0.742, 0.686, 0.726, 0.71, 0.76]"
3400,0.001,"[[0, 1, 2, 3]]",True,0.6333333333333333,"median",0.0,1.0,False,0,False,False,False,False,False,False,False,270404,"[0.722, 0.702, 0.754, 0.754, 0.758, 0.742, 0.684, 0.724, 0.708, 0.76]"
3400,0.001,"[[0, 1, 2, 3]]",True,0.7666666666666666,"mean",0.0,1.0,False,0,False,False,False,False,False,False,False,270404,"[0.724, 0.71, 0.764, 0.752, 0.77, 0.748, 0.694, 0.742, 0.728, 0.77]"
3400,0.001,"[[0, 1, 2, 3]]",True,0.7666666666666666,"median",0.0,1.0,False,0,False,False,False,False,False,False,False,270404,"[0.726, 0.71, 0.764, 0.746, 0.768, 0.748, 0.694, 0.746, 0.73, 0.77]"
3400,0.001,"[[0, 1, 2, 3]]",True,0.9,"mean",0.0,1.0,False,0,False,False,False,False,False,False,False,270404,"[0.724, 0.71, 0.764, 0.752, 0.77, 0.748, 0.694, 0.742, 0.728, 0.77]"
3400,0.001,"[[0, 1, 2, 3]]",True,0.9,"median",0.0,1.0,False,0,False,False,False,False,False,False,False,270404,"[0.726, 0.71, 0.764, 0.746, 0.768, 0.748, 0.694, 0.746, 0.73, 0.77]"
3400,0.01,"[[0, 1, 2, 3]]",True,0.5,"mean",0.0,1.0,False,0,False,False,False,False,False,False,False,270404,"[0.744, 0.706, 0.762, 0.752, 0.776, 0.738, 0.706, 0.734, 0.74, 0.752]"
3400,0.01,"[[0, 1, 2, 3]]",True,0.5,"median",0.0,1.0,False,0,False,False,False,False,False,False,False,270404,"[0.746, 0.706, 0.76, 0.752, 0.776, 0.742, 0.71, 0.74, 0.738, 0.748]"
3400,0.01,"[[0, 1, 2, 3]]",True,0.6333333333333333,"mean",0.0,1.0,False,0,False,False,False,False,False,False,False,270404,"[0.744, 0.706, 0.762, 0.752, 0.776, 0.738, 0.706, 0.734, 0.74, 0.752]"
3400,0.01,"[[0, 1, 2, 3]]",True,0.6333333333333333,"median",0.0,1.0,False,0,False,False,False,False,False,False,False,270404,"[0.746, 0.706, 0.76, 0.752, 0.776, 0.742, 0.71, 0.74, 0.738, 0.748]"
3400,0.01,"[[0, 1, 2, 3]]",True,0.7666666666666666,"mean",0.0,1.0,False,0,False,False,False,False,False,False,False,270404,"[0.75, 0.726, 0.78, 0.748, 0.774, 0.744, 0.724, 0.756, 0.752, 0.75]"
3400,0.01,"[[0, 1, 2, 3]]",True,0.7666666666666666,"median",0.0,1.0,False,0,False,False,False,False,False,False,False,270404,"[0.75, 0.728, 0.778, 0.746, 0.776, 0.742, 0.72, 0.756, 0.752, 0.754]"
3400,0.01,"[[0, 1, 2, 3]]",True,0.9,"mean",0.0,1.0,False,0,False,False,False,False,False,False,False,270404,"[0.75, 0.726, 0.78, 0.748, 0.774, 0.744, 0.724, 0.756, 0.752, 0.75]"
3400,0.01,"[[0, 1, 2, 3]]",True,0.9,"median",0.0,1.0,False,0,False,False,False,False,False,False,False,270404,"[0.75, 0.728, 0.778, 0.746, 0.776, 0.742, 0.72, 0.756, 0.752, 0.754]"
3400,0.1,"[[0, 1, 2, 3]]",True,0.5,"mean",0.0,1.0,False,0,False,False,False,False,False,False,False,270404,"[0.726, 0.678, 0.72, 0.706, 0.746, 0.736, 0.68, 0.7, 0.72, 0.742]"
3400,0.1,"[[0, 1, 2, 3]]",True,0.5,"median",0.0,1.0,False,0,False,False,False,False,False,False,False,270404,"[0.732, 0.678, 0.716, 0.71, 0.746, 0.742, 0.678, 0.698, 0.722, 0.744]"
3400,0.1,"[[0, 1, 2, 3]]",True,0.6333333333333333,"mean",0.0,1.0,False,0,False,False,False,False,False,False,False,270404,"[0.726, 0.678, 0.72, 0.706, 0.746, 0.736, 0.68, 0.7, 0.72, 0.742]"
3400,0.1,"[[0, 1, 2, 3]]",True,0.6333333333333333,"median",0.0,1.0,False,0,False,False,False,False,False,False,False,270404,"[0.732, 0.678, 0.716, 0.71, 0.746, 0.742, 0.678, 0.698, 0.722, 0.744]"
3400,0.1,"[[0, 1, 2, 3]]",True,0.7666666666666666,"mean",0.0,1.0,False,0,False,False,False,False,False,False,False,270404,"[0.734, 0.696, 0.718, 0.696, 0.76, 0.742, 0.676, 0.686, 0.742, 0.748]"
3400,0.1,"[[0, 1, 2, 3]]",True,0.7666666666666666,"median",0.0,1.0,False,0,False,False,False,False,False,False,False,270404,"[0.74, 0.702, 0.718, 0.684, 0.76, 0.738, 0.678, 0.68, 0.732, 0.754]"
3400,0.1,"[[0, 1, 2, 3]]",True,0.9,"mean",0.0,1.0,False,0,False,False,False,False,False,False,False,270404,"[0.734, 0.696, 0.718, 0.696, 0.76, 0.742, 0.676, 0.686, 0.742, 0.748]"
3400,0.1,"[[0, 1, 2, 3]]",True,0.9,"median",0.0,1.0,False,0,False,False,False,False,False,False,False,270404,"[0.74, 0.702, 0.718, 0.684, 0.76, 0.738, 0.678, 0.68, 0.732, 0.754]"
3400,1.0,"[[0, 1, 2, 3]]",True,0.5,"mean",0.0,1.0,False,0,False,False,False,False,False,False,False,270404,"[0.704, 0.62, 0.654, 0.676, 0.71, 0.686, 0.648, 0.624, 0.694, 0.71]"
3400,1.0,"[[0, 1, 2, 3]]",True,0.5,"median",0.0,1.0,False,0,False,False,False,False,False,False,False,270404,"[0.67, 0.616, 0.662, 0.658, 0.634, 0.722, 0.664, 0.638, 0.674, 0.718]"
3400,1.0,"[[0, 1, 2, 3]]",True,0.6333333333333333,"mean",0.0,1.0,False,0,False,False,False,False,False,False,False,270404,"[0.704, 0.62, 0.654, 0.676, 0.71, 0.686, 0.648, 0.624, 0.694, 0.71]"
3400,1.0,"[[0, 1, 2, 3]]",True,0.6333333333333333,"median",0.0,1.0,False,0,False,False,False,False,False,False,False,270404,"[0.67, 0.616, 0.662, 0.658, 0.634, 0.722, 0.664, 0.638, 0.674, 0.718]"
3400,1.0,"[[0, 1, 2, 3]]",True,0.7666666666666666,"mean",0.0,1.0,False,0,False,False,False,False,False,False,False,270404,"[0.706, 0.678, 0.638, 0.714, 0.69, 0.712, 0.634, 0.658, 0.67, 0.738]"
3400,1.0,"[[0, 1, 2, 3]]",True,0.7666666666666666,"median",0.0,1.0,False,0,False,False,False,False,False,False,False,270404,"[0.724, 0.662, 0.664, 0.656, 0.742, 0.684, 0.62, 0.616, 0.71, 0.75]"
3400,1.0,"[[0, 1, 2, 3]]",True,0.9,"mean",0.0,1.0,False,0,False,False,False,False,False,False,False,270404,"[0.706, 0.678, 0.638, 0.714, 0.69, 0.712, 0.634, 0.658, 0.67, 0.738]"
3400,1.0,"[[0, 1, 2, 3]]",True,0.9,"median",0.0,1.0,False,0,False,False,False,False,False,False,False,270404,"[0.724, 0.662, 0.664, 0.656, 0.742, 0.684, 0.62, 0.616, 0.71, 0.75]"
3600,0.0001,"[[0, 1, 2, 3]]",True,0.5,"mean",0.0,1.0,False,0,False,False,False,False,False,False,False,270404,"[0.666, 0.678, 0.724, 0.726, 0.738, 0.706, 0.678, 0.712, 0.672, 0.734]"
3600,0.0001,"[[0, 1, 2, 3]]",True,0.5,"median",0.0,1.0,False,0,False,False,False,False,False,False,False,270404,"[0.668, 0.68, 0.72, 0.726, 0.738, 0.708, 0.674, 0.712, 0.672, 0.734]"
3600,0.0001,"[[0, 1, 2, 3]]",True,0.6333333333333333,"mean",0.0,1.0,False,0,False,False,False,False,False,False,False,270404,"[0.666, 0.678, 0.724, 0.726, 0.738, 0.706, 0.678, 0.712, 0.672, 0.734]"
3600,0.0001,"[[0, 1, 2, 3]]",True,0.6333333333333333,"median",0.0,1.0,False,0,False,False,False,False,False,False,False,270404,"[0.668, 0.68, 0.72, 0.726, 0.738, 0.708, 0.674, 0.712, 0.672, 0.734]"
3600,0.0001,"[[0, 1, 2, 3]]",True,0.7666666666666666,"mean",0.0,1.0,False,0,False,False,False,False,False,False,False,270404,"[0.68, 0.702, 0.736, 0.736, 0.75, 0.728, 0.69, 0.712, 0.696, 0.756]"
3600,0.0001,"[[0, 1, 2, 3]]",True,0.7666666666666666,"median",0.0,1.0,False,0,False,False,False,False,False,False,False,270404,"[0.674, 0.704, 0.728, 0.74, 0.746, 0.716, 0.692, 0.72, 0.696, 0.746]"
3600,0.0001,"[[0, 1, 2, 3]]",True,0.9,"mean",0.0,1.0,False,0,False,False,False,False,False,False,False,270404,"[0.68, 0.702, 0.736, 0.736, 0.75, 0.728, 0.69, 0.712, 0.696, 0.756]"
3600,0.0001,"[[0, 1, 2, 3]]",True,0.9,"median",0.0,1.0,False,0,False,False,False,False,False,False,False,270404,"[0.674, 0.704, 0.728, 0.74, 0.746, 0.716, 0.692, 0.72, 0.696, 0.746]"
3600,0.001,"[[0, 1, 2, 3]]",True,0.5,"mean",0.0,1.0,False,0,False,False,False,False,False,False,False,270404,"[0.728, 0.696, 0.752, 0.744, 0.766, 0.746, 0.69, 0.726, 0.71, 0.758]"
3600,0.001,"[[0, 1, 2, 3]]",True,0.5,"median",0.0,1.0,False,0,False,False,False,False,False,False,False,270404,"[0.726, 0.696, 0.752, 0.742, 0.766, 0.746, 0.686, 0.726, 0.712, 0.76]"
3600,0.001,"[[0, 1, 2, 3]]",True,0.6333333333333333,"mean",0.0,1.0,False,0,False,False,False,False,False,False,False,270404,"[0.728, 0.696, 0.752, 0.744, 0.766, 0.746, 0.69, 0.726, 0.71, 0.758]"
3600,0.001,"[[0, 1, 2, 3]]",True,0.6333333333333333,"median",0.0,1.0,False,0,False,False,False,False,False,False,False,270404,"[0.726, 0.696, 0.752, 0.742, 0.766, 0.746, 0.686, 0.726, 0.712, 0.76]"
3600,0.001,"[[0, 1, 2, 3]]",True,0.7666666666666666,"mean",0.0,1.0,False,0,False,False,False,False,False,False,False,270404,"[0.73, 0.714, 0.758, 0.744, 0.778, 0.754, 0.704, 0.736, 0.736, 0.772]"
3600,0.001,"[[0, 1, 2, 3]]",True,0.7666666666666666,"median",0.0,1.0,False,0,False,False,False,False,False,False,False,270404,"[0.728, 0.714, 0.756, 0.74, 0.78, 0.754, 0.706, 0.742, 0.732, 0.77]"
3600,0.001,"[[0, 1, 2, 3]]",True,0.9,"mean",0.0,1.0,False,0,False,False,False,False,False,False,False,270404,"[0.73, 0.714, 0.758, 0.744, 0.778, 0.754, 0.704, 0.736, 0.736, 0.772]"
3600,0.001,"[[0, 1, 2, 3]]",True,0.9,"median",0.0,1.0,False,0,False,False,False,False,False,False,False,270404,"[0.728, 0.714, 0.756, 0.74, 0.78, 0.754, 0.706, 0.742, 0.732, 0.77]"
3600,0.01,"[[0, 1, 2, 3]]",True,0.5,"mean",0.0,1.0,False,0,False,False,False,False,False,False,False,270404,"[0.734, 0.702, 0.762, 0.732, 0.772, 0.748, 0.698, 0.732, 0.738, 0.746]"
3600,0.01,"[[0, 1, 2, 3]]",True,0.5,"median",0.0,1.0,False,0,False,False,False,False,False,False,False,270404,"[0.732, 0.702, 0.76, 0.736, 0.77, 0.748, 0.7, 0.74, 0.738, 0.742]"
3600,0.01,"[[0, 1, 2, 3]]",True,0.6333333333333333,"mean",0.0,1.0,False,0,False,False,False,False,False,False,False,270404,"[0.734, 0.702, 0.762, 0.732, 0.772, 0.748, 0.698, 0.732, 0.738, 0.746]"
3600,0.01,"[[0, 1, 2, 3]]",True,0.6333333333333333,"median",0.0,1.0,False,0,False,False,False,False,False,False,False,270404,"[0.732, 0.702, 0.76, 0.736, 0.77, 0.748, 0.7, 0.74, 0.738, 0.742]"
3600,0.01,"[[0, 1, 2, 3]]",True,0.7666666666666666,"mean",0.0,1.0,False,0,False,False,False,False,False,False,False,270404,"[0.736, 0.718, 0.782, 0.744, 0.774, 0.75, 0.72, 0.744, 0.742, 0.75]"
3600,0.01,"[[0, 1, 2, 3]]",True,0.7666666666666666,"median",0.0,1.0,False,0,False,False,False,False,False,False,False,270404,"[0.738, 0.722, 0.784, 0.748, 0.776, 0.75, 0.714, 0.748, 0.74, 0.754]"
3600,0.01,"[[0, 1, 2, 3]]",True,0.9,"mean",0.0,1.0,False,0,False,False,False,False,False,False,False,270404,"[0.736, 0.718, 0.782, 0.744, 0.774, 0.75, 0.72, 0.744, 0.742, 0.75]"
3600,0.01,"[[0, 1, 2, 3]]",True,0.9,"median",0.0,1.0,False,0,False,False,False,False,False,False,False,270404,"[0.738, 0.722, 0.784, 0.748, 0.776, 0.75, 0.714, 0.748, 0.74, 0.754]"
3600,0.1,"[[0, 1, 2, 3]]",True,0.5,"mean",0.0,1.0,False,0,False,False,False,False,False,False,False,270404,"[0.712, 0.71, 0.726, 0.678, 0.73, 0.726, 0.67, 0.728, 0.68, 0.734]"
3600,0.1,"[[0, 1, 2, 3]]",True,0.5,"median",0.0,1.0,False,0,False,False,False,False,False,False,False,270404,"[0.712, 0.708, 0.722, 0.684, 0.73, 0.726, 0.67, 0.728, 0.678, 0.738]"
3600,0.1,"[[0, 1, 2, 3]]",True,0.6333333333333333,"mean",0.0,1.0,False,0,False,False,False,False,False,False,False,270404,"[0.712, 0.71, 0.726, 0.678, 0.73, 0.726, 0.67, 0.728, 0.68, 0.734]"
3600,0.1,"[[0, 1, 2, 3]]",True,0.6333333333333333,"median",0.0,1.0,False,0,False,False,False,False,False,False,False,270404,"[0.712, 0.708, 0.722, 0.684, 0.73, 0.726, 0.67, 0.728, 0.678, 0.738]"
3600,0.1,"[[0, 1, 2, 3]]",True,0.7666666666666666,"mean",0.0,1.0,False,0,False,False,False,False,False,False,False,270404,"[0.706, 0.712, 0.73, 0.71, 0.712, 0.722, 0.694, 0.738, 0.686, 0.756]"
3600,0.1,"[[0, 1, 2, 3]]",True,0.7666666666666666,"median",0.0,1.0,False,0,False,False,False,False,False,False,False,270404,"[0.71, 0.718, 0.728, 0.704, 0.714, 0.728, 0.694, 0.742, 0.682, 0.754]"
3600,0.1,"[[0, 1, 2, 3]]",True,0.9,"mean",0.0,1.0,False,0,False,False,False,False,False,False,False,270404,"[0.706, 0.712, 0.73, 0.71, 0.712, 0.722, 0.694, 0.738, 0.686, 0.756]"
3600,0.1,"[[0, 1, 2, 3]]",True,0.9,"median",0.0,1.0,False,0,False,False,False,False,False,False,False,270404,"[0.71, 0.718, 0.728, 0.704, 0.714, 0.728, 0.694, 0.742, 0.682, 0.754]"
3600,1.0,"[[0, 1, 2, 3]]",True,0.5,"mean",0.0,1.0,False,0,False,False,False,False,False,False,False,270404,"[0.7, 0.67, 0.69, 0.644, 0.684, 0.686, 0.654, 0.69, 0.688, 0.716]"
3600,1.0,"[[0, 1, 2, 3]]",True,0.5,"median",0.0,1.0,False,0,False,False,False,False,False,False,False,270404,"[0.694, 0.688, 0.664, 0.662, 0.734, 0.692, 0.642, 0.682, 0.676, 0.714]"
3600,1.0,"[[0, 1, 2, 3]]",True,0.6333333333333333,"mean",0.0,1.0,False,0,False,False,False,False,False,False,False,270404,"[0.7, 0.67, 0.69, 0.644, 0.684, 0.686, 0.654, 0.69, 0.688, 0.716]"
3600,1.0,"[[0, 1, 2, 3]]",True,0.6333333333333333,"median",0.0,1.0,False,0,False,False,False,False,False,False,False,270404,"[0.694, 0.688, 0.664, 0.662, 0.734, 0.692, 0.642, 0.682, 0.676, 0.714]"
3600,1.0,"[[0, 1, 2, 3]]",True,0.7666666666666666,"mean",0.0,1.0,False,0,False,False,False,False,False,False,False,270404,"[0.696, 0.698, 0.71, 0.674, 0.686, 0.706, 0.634, 0.74, 0.652, 0.71]"
3600,1.0,"[[0, 1, 2, 3]]",True,0.7666666666666666,"median",0.0,1.0,False,0,False,False,False,False,False,False,False,270404,"[0.712, 0.7, 0.706, 0.66, 0.718, 0.71, 0.658, 0.724, 0.724, 0.736]"
3600,1.0,"[[0, 1, 2, 3]]",True,0.9,"mean",0.0,1.0,False,0,False,False,False,False,False,False,False,270404,"[0.696, 0.698, 0.71, 0.674, 0.686, 0.706, 0.634, 0.74, 0.652, 0.71]"
3600,1.0,"[[0, 1, 2, 3]]",True,0.9,"median",0.0,1.0,False,0,False,False,False,False,False,False,False,270404,"[0.712, 0.7, 0.706, 0.66, 0.718, 0.71, 0.658, 0.724, 0.724, 0.736]"
3800,0.0001,"[[0, 1, 2, 3]]",True,0.5,"mean",0.0,1.0,False,0,False,False,False,False,False,False,False,270404,"[0.668, 0.678, 0.72, 0.726, 0.74, 0.708, 0.674, 0.714, 0.67, 0.732]"
3800,0.0001,"[[0, 1, 2, 3]]",True,0.5,"median",0.0,1.0,False,0,False,False,False,False,False,False,False,270404,"[0.668, 0.682, 0.724, 0.724, 0.742, 0.704, 0.674, 0.712, 0.672, 0.734]"
3800,0.0001,"[[0, 1, 2, 3]]",True,0.6333333333333333,"mean",0.0,1.0,False,0,False,False,False,False,False,False,False,270404,"[0.668, 0.678, 0.72, 0.726, 0.74, 0.708, 0.674, 0.714, 0.67, 0.732]"
3800,0.0001,"[[0, 1, 2, 3]]",True,0.6333333333333333,"median",0.0,1.0,False,0,False,False,False,False,False,False,False,270404,"[0.668, 0.682, 0.724, 0.724, 0.742, 0.704, 0.674, 0.712, 0.672, 0.734]"
3800,0.0001,"[[0, 1, 2, 3]]",True,0.7666666666666666,"mean",0.0,1.0,False,0,False,False,False,False,False,False,False,270404,"[0.686, 0.704, 0.734, 0.74, 0.752, 0.724, 0.688, 0.712, 0.69, 0.756]"
3800,0.0001,"[[0, 1, 2, 3]]",True,0.7666666666666666,"median",0.0,1.0,False,0,False,False,False,False,False,False,False,270404,"[0.676, 0.696, 0.728, 0.74, 0.742, 0.718, 0.688, 0.718, 0.69, 0.75]"
3800,0.0001,"[[0, 1, 2, 3]]",True,0.9,"mean",0.0,1.0,False,0,False,False,False,False,False,False,False,270404,"[0.686, 0.704, 0.734, 0.74, 0.752, 0.724, 0.688, 0.712, 0.69, 0.756]"
3800,0.0001,"[[0, 1, 2, 3]]",True,0.9,"median",0.0,1.0,False,0,False,False,False,False,False,False,False,270404,"[0.676, 0.696, 0.728, 0.74, 0.742, 0.718, 0.688, 0.718, 0.69, 0.75]"
3800,0.001,"[[0, 1, 2, 3]]",True,0.5,"mean",0.0,1.0,False,0,False,False,False,False,False,False,False,270404,"[0.728, 0.694, 0.756, 0.738, 0.764, 0.738, 0.686, 0.722, 0.71, 0.762]"
3800,0.001,"[[0, 1, 2, 3]]",True,0.5,"median",0.0,1.0,False,0,False,False,False,False,False,False,False,270404,"[0.726, 0.696, 0.756, 0.738, 0.764, 0.74, 0.684, 0.722, 0.708, 0.764]"
3800,0.001,"[[0, 1, 2, 3]]",True,0.6333333333333333,"mean",0.0,1.0,False,0,False,False,False,False,False,False,False,270404,"[0.728, 0.694, 0.756, 0.738, 0.764, 0.738, 0.686, 0.722, 0.71, 0.762]"
3800,0.001,"[[0, 1, 2, 3]]",True,0.6333333333333333,"median",0.0,1.0,False,0,False,False,False,False,False,False,False,270404,"[0.726, 0.696, 0.756, 0.738, 0.764, 0.74, 0.684, 0.722, 0.708, 0.764]"
3800,0.001,"[[0, 1, 2, 3]]",True,0.7666666666666666,"mean",0.0,1.0,False,0,False,False,False,False,False,False,False,270404,"[0.726, 0.71, 0.76, 0.752, 0.772, 0.748, 0.698, 0.738, 0.712, 0.776]"
3800,0.001,"[[0, 1, 2, 3]]",True,0.7666666666666666,"median",0.0,1.0,False,0,False,False,False,False,False,False,False,270404,"[0.722, 0.718, 0.756, 0.748, 0.768, 0.752, 0.69, 0.74, 0.71, 0.774]"
3800,0.001,"[[0, 1, 2, 3]]",True,0.9,"mean",0.0,1.0,False,0,False,False,False,False,False,False,False,270404,"[0.726, 0.71, 0.76, 0.752, 0.772, 0.748, 0.698, 0.738, 0.712, 0.776]"
3800,0.001,"[[0, 1, 2, 3]]",True,0.9,"median",0.0,1.0,False,0,False,False,False,False,False,False,False,270404,"[0.722, 0.718, 0.756, 0.748, 0.768, 0.752, 0.69, 0.74, 0.71, 0.774]"
3800,0.01,"[[0, 1, 2, 3]]",True,0.5,"mean",0.0,1.0,False,0,False,False,False,False,False,False,False,270404,"[0.74, 0.708, 0.764, 0.744, 0.768, 0.738, 0.698, 0.734, 0.698, 0.74]"
3800,0.01,"[[0, 1, 2, 3]]",True,0.5,"median",0.0,1.0,False,0,False,False,False,False,False,False,False,270404,"[0.74, 0.708, 0.766, 0.742, 0.77, 0.74, 0.698, 0.738, 0.698, 0.744]"
3800,0.01,"[[0, 1, 2, 3]]",True,0.6333333333333333,"mean",0.0,1.0,False,0,False,False,False,False,False,False,False,270404,"[0.74, 0.708, 0.764, 0.744, 0.768, 0.738, 0.698, 0.734, 0.698, 0.74]"
3800,0.01,"[[0, 1, 2, 3]]",True,0.6333333333333333,"median",0.0,1.0,False,0,False,False,False,False,False,False,False,270404,"[0.74, 0.708, 0.766, 0.742, 0.77, 0.74, 0.698, 0.738, 0.698, 0.744]"
3800,0.01,"[[0, 1, 2, 3]]",True,0.7666666666666666,"mean",0.0,1.0,False,0,False,False,False,False,False,False,False,270404,"[0.73, 0.718, 0.776, 0.744, 0.772, 0.75, 0.716, 0.734, 0.708, 0.76]"
3800,0.01,"[[0, 1, 2, 3]]",True,0.7666666666666666,"median",0.0,1.0,False,0,False,False,False,False,False,False,False,270404,"[0.734, 0.72, 0.776, 0.746, 0.776, 0.736, 0.72, 0.74, 0.704, 0.758]"
3800,0.01,"[[0, 1, 2, 3]]",True,0.9,"mean",0.0,1.0,False,0,False,False,False,False,False,False,False,270404,"[0.73, 0.718, 0.776, 0.744, 0.772, 0.75, 0.716, 0.734, 0.708, 0.76]"
3800,0.01,"[[0, 1, 2, 3]]",True,0.9,"median",0.0,1.0,False,0,False,False,False,False,False,False,False,270404,"[0.734, 0.72, 0.776, 0.746, 0.776, 0.736, 0.72, 0.74, 0.704, 0.758]"
3800,0.1,"[[0, 1, 2, 3]]",True,0.5,"mean",0.0,1.0,False,0,False,False,False,False,False,False,False,270404,"[0.7, 0.676, 0.718, 0.732, 0.724, 0.708, 0.654, 0.694, 0.704, 0.752]"
3800,0.1,"[[0, 1, 2, 3]]",True,0.5,"median",0.0,1.0,False,0,False,False,False,False,False,False,False,270404,"[0.696, 0.672, 0.718, 0.736, 0.724, 0.712, 0.654, 0.696, 0.698, 0.754]"
3800,0.1,"[[0, 1, 2, 3]]",True,0.6333333333333333,"mean",0.0,1.0,False,0,False,False,False,False,False,False,False,270404,"[0.7, 0.676, 0.718, 0.732, 0.724, 0.708, 0.654, 0.694, 0.704, 0.752]"
3800,0.1,"[[0, 1, 2, 3]]",True,0.6333333333333333,"median",0.0,1.0,False,0,False,False,False,False,False,False,False,270404,"[0.696, 0.672, 0.718, 0.736, 0.724, 0.712, 0.654, 0.696, 0.698, 0.754]"
3800,0.1,"[[0, 1, 2, 3]]",True,0.7666666666666666,"mean",0.0,1.0,False,0,False,False,False,False,False,False,False,270404,"[0.708, 0.704, 0.71, 0.722, 0.75, 0.722, 0.664, 0.7, 0.718, 0.75]"
3800,0.1,"[[0, 1, 2, 3]]",True,0.7666666666666666,"median",0.0,1.0,False,0,False,False,False,False,False,False,False,270404,"[0.708, 0.696, 0.708, 0.718, 0.766, 0.728, 0.672, 0.702, 0.722, 0.756]"
3800,0.1,"[[0, 1, 2, 3]]",True,0.9,"mean",0.0,1.0,False,0,False,False,False,False,False,False,False,270404,"[0.708, 0.704, 0.71, 0.722, 0.75, 0.722, 0.664, 0.7, 0.718, 0.75]"
3800,0.1,"[[0, 1, 2, 3]]",True,0.9,"median",0.0,1.0,False,0,False,False,False,False,False,False,False,270404,"[0.708, 0.696, 0.708, 0.718, 0.766, 0.728, 0.672, 0.702, 0.722, 0.756]"
3800,1.0,"[[0, 1, 2, 3]]",True,0.5,"mean",0.0,1.0,False,0,False,False,False,False,False,False,False,270404,"[0.688, 0.662, 0.72, 0.698, 0.716, 0.73, 0.632, 0.698, 0.69, 0.734]"
3800,1.0,"[[0, 1, 2, 3]]",True,0.5,"median",0.0,1.0,False,0,False,False,False,False,False,False,False,270404,"[0.698, 0.662, 0.692, 0.712, 0.716, 0.722, 0.66, 0.726, 0.702, 0.738]"
3800,1.0,"[[0, 1, 2, 3]]",True,0.6333333333333333,"mean",0.0,1.0,False,0,False,False,False,False,False,False,False,270404,"[0.688, 0.662, 0.72, 0.698, 0.716, 0.73, 0.632, 0.698, 0.69, 0.734]"
3800,1.0,"[[0, 1, 2, 3]]",True,0.6333333333333333,"median",0.0,1.0,False,0,False,False,False,False,False,False,False,270404,"[0.698, 0.662, 0.692, 0.712, 0.716, 0.722, 0.66, 0.726, 0.702, 0.738]"
3800,1.0,"[[0, 1, 2, 3]]",True,0.7666666666666666,"mean",0.0,1.0,False,0,False,False,False,False,False,False,False,270404,"[0.684, 0.704, 0.678, 0.716, 0.746, 0.708, 0.646, 0.686, 0.714, 0.758]"
3800,1.0,"[[0, 1, 2, 3]]",True,0.7666666666666666,"median",0.0,1.0,False,0,False,False,False,False,False,False,False,270404,"[0.642, 0.69, 0.678, 0.706, 0.73, 0.702, 0.654, 0.68, 0.722, 0.736]"
3800,1.0,"[[0, 1, 2, 3]]",True,0.9,"mean",0.0,1.0,False,0,False,False,False,False,False,False,False,270404,"[0.684, 0.704, 0.678, 0.716, 0.746, 0.708, 0.646, 0.686, 0.714, 0.758]"
3800,1.0,"[[0, 1, 2, 3]]",True,0.9,"median",0.0,1.0,False,0,False,False,False,False,False,False,False,270404,"[0.642, 0.69, 0.678, 0.706, 0.73, 0.702, 0.654, 0.68, 0.722, 0.736]"
4000,0.0001,"[[0, 1, 2, 3]]",True,0.5,"mean",0.0,1.0,False,0,False,False,False,False,False,False,False,270404,"[0.668, 0.678, 0.722, 0.726, 0.74, 0.708, 0.674, 0.714, 0.676, 0.728]"
4000,0.0001,"[[0, 1, 2, 3]]",True,0.5,"median",0.0,1.0,False,0,False,False,False,False,False,False,False,270404,"[0.668, 0.678, 0.72, 0.728, 0.74, 0.706, 0.674, 0.716, 0.672, 0.726]"
4000,0.0001,"[[0, 1, 2, 3]]",True,0.6333333333333333,"mean",0.0,1.0,False,0,False,False,False,False,False,False,False,270404,"[0.668, 0.678, 0.722, 0.726, 0.74, 0.708, 0.674, 0.714, 0.676, 0.728]"
4000,0.0001,"[[0, 1, 2, 3]]",True,0.6333333333333333,"median",0.0,1.0,False,0,False,False,False,False,False,False,False,270404,"[0.668, 0.678, 0.72, 0.728, 0.74, 0.706, 0.674, 0.716, 0.672, 0.726]"
4000,0.0001,"[[0, 1, 2, 3]]",True,0.7666666666666666,"mean",0.0,1.0,False,0,False,False,False,False,False,False,False,270404,"[0.684, 0.698, 0.736, 0.738, 0.752, 0.722, 0.688, 0.71, 0.692, 0.754]"
4000,0.0001,"[[0, 1, 2, 3]]",True,0.7666666666666666,"median",0.0,1.0,False,0,False,False,False,False,False,False,False,270404,"[0.676, 0.698, 0.728, 0.744, 0.742, 0.716, 0.688, 0.718, 0.686, 0.75]"
4000,0.0001,"[[0, 1, 2, 3]]",True,0.9,"mean",0.0,1.0,False,0,False,False,False,False,False,False,False,270404,"[0.684, 0.698, 0.736, 0.738, 0.752, 0.722, 0.688, 0.71, 0.692, 0.754]"
4000,0.0001,"[[0, 1, 2, 3]]",True,0.9,"median",0.0,1.0,False,0,False,False,False,False,False,False,False,270404,"[0.676, 0.698, 0.728, 0.744, 0.742, 0.716, 0.688, 0.718, 0.686, 0.75]"
4000,0.001,"[[0, 1, 2, 3]]",True,0.5,"mean",0.0,1.0,False,0,False,False,False,False,False,False,False,270404,"[0.73, 0.69, 0.758, 0.728, 0.772, 0.744, 0.682, 0.728, 0.702, 0.756]"
4000,0.001,"[[0, 1, 2, 3]]",True,0.5,"median",0.0,1.0,False,0,False,False,False,False,False,False,False,270404,"[0.73, 0.69, 0.76, 0.728, 0.77, 0.744, 0.68, 0.726, 0.702, 0.756]"
4000,0.001,"[[0, 1, 2, 3]]",True,0.6333333333333333,"mean",0.0,1.0,False,0,False,False,False,False,False,False,False,270404,"[0.73, 0.69, 0.758, 0.728, 0.772, 0.744, 0.682, 0.728, 0.702, 0.756]"
4000,0.001,"[[0, 1, 2, 3]]",True,0.6333333333333333,"median",0.0,1.0,False,0,False,False,False,False,False,False,False,270404,"[0.73, 0.69, 0.76, 0.728, 0.77, 0.744, 0.68, 0.726, 0.702, 0.756]"
4000,0.001,"[[0, 1, 2, 3]]",True,0.7666666666666666,"mean",0.0,1.0,False,0,False,False,False,False,False,False,False,270404,"[0.732, 0.712, 0.762, 0.744, 0.776, 0.75, 0.706, 0.74, 0.714, 0.776]"
4000,0.001,"[[0, 1, 2, 3]]",True,0.7666666666666666,"median",0.0,1.0,False,0,False,False,False,False,False,False,False,270404,"[0.728, 0.716, 0.764, 0.752, 0.776, 0.75, 0.7, 0.748, 0.71, 0.772]"
4000,0.001,"[[0, 1, 2, 3]]",True,0.9,"mean",0.0,1.0,False,0,False,False,False,False,False,False,False,270404,"[0.732, 0.712, 0.762, 0.744, 0.776, 0.75, 0.706, 0.74, 0.714, 0.776]"
4000,0.001,"[[0, 1, 2, 3]]",True,0.9,"median",0.0,1.0,False,0,False,False,False,False,False,False,False,270404,"[0.728, 0.716, 0.764, 0.752, 0.776, 0.75, 0.7, 0.748, 0.71, 0.772]"
4000,0.01,"[[0, 1, 2, 3]]",True,0.5,"mean",0.0,1.0,False,0,False,False,False,False,False,False,False,270404,"[0.722, 0.704, 0.758, 0.724, 0.776, 0.716, 0.69, 0.726, 0.7, 0.754]"
4000,0.01,"[[0, 1, 2, 3]]",True,0.5,"median",0.0,1.0,False,0,False,False,False,False,False,False,False,270404,"[0.722, 0.706, 0.754, 0.726, 0.774, 0.712, 0.69, 0.724, 0.696, 0.754]"
4000,0.01,"[[0, 1, 2, 3]]",True,0.6333333333333333,"mean",0.0,1.0,False,0,False,False,False,False,False,False,False,270404,"[0.722, 0.704, 0.758, 0.724, 0.776, 0.716, 0.69, 0.726, 0.7, 0.754]"
4000,0.01,"[[0, 1, 2, 3]]",True,0.6333333333333333,"median",0.0,1.0,False,0,False,False,False,False,False,False,False,270404,"[0.722, 0.706, 0.754, 0.726, 0.774, 0.712, 0.69, 0.724, 0.696, 0.754]"
4000,0.01,"[[0, 1, 2, 3]]",True,0.7666666666666666,"mean",0.0,1.0,False,0,False,False,False,False,False,False,False,270404,"[0.744, 0.726, 0.776, 0.75, 0.778, 0.744, 0.714, 0.738, 0.72, 0.756]"
4000,0.01,"[[0, 1, 2, 3]]",True,0.7666666666666666,"median",0.0,1.0,False,0,False,False,False,False,False,False,False,270404,"[0.744, 0.722, 0.782, 0.746, 0.774, 0.742, 0.714, 0.74, 0.71, 0.756]"
4000,0.01,"[[0, 1, 2, 3]]",True,0.9,"mean",0.0,1.0,False,0,False,False,False,False,False,False,False,270404,"[0.744, 0.726, 0.776, 0.75, 0.778, 0.744, 0.714, 0.738, 0.72, 0.756]"
4000,0.01,"[[0, 1, 2, 3]]",True,0.9,"median",0.0,1.0,False,0,False,False,False,False,False,False,False,270404,"[0.744, 0.722, 0.782, 0.746, 0.774, 0.742, 0.714, 0.74, 0.71, 0.756]"
4000,0.1,"[[0, 1, 2, 3]]",True,0.5,"mean",0.0,1.0,False,0,False,False,False,False,False,False,False,270404,"[0.666, 0.666, 0.688, 0.698, 0.742, 0.69, 0.662, 0.708, 0.644, 0.714]"
4000,0.1,"[[0, 1, 2, 3]]",True,0.5,"median",0.0,1.0,False,0,False,False,False,False,False,False,False,270404,"[0.65, 0.668, 0.682, 0.698, 0.74, 0.688, 0.662, 0.708, 0.648, 0.714]"
4000,0.1,"[[0, 1, 2, 3]]",True,0.6333333333333333,"mean",0.0,1.0,False,0,False,False,False,False,False,False,False,270404,"[0.666, 0.666, 0.688, 0.698, 0.742, 0.69, 0.662, 0.708, 0.644, 0.714]"
4000,0.1,"[[0, 1, 2, 3]]",True,0.6333333333333333,"median",0.0,1.0,False,0,False,False,False,False,False,False,False,270404,"[0.65, 0.668, 0.682, 0.698, 0.74, 0.688, 0.662, 0.708, 0.648, 0.714]"
4000,0.1,"[[0, 1, 2, 3]]",True,0.7666666666666666,"mean",0.0,1.0,False,0,False,False,False,False,False,False,False,270404,"[0.696, 0.678, 0.746, 0.726, 0.76, 0.694, 0.674, 0.696, 0.662, 0.704]"
4000,0.1,"[[0, 1, 2, 3]]",True,0.7666666666666666,"median",0.0,1.0,False,0,False,False,False,False,False,False,False,270404,"[0.692, 0.678, 0.74, 0.71, 0.768, 0.696, 0.67, 0.694, 0.652, 0.702]"
4000,0.1,"[[0, 1, 2, 3]]",True,0.9,"mean",0.0,1.0,False,0,False,False,False,False,False,False,False,270404,"[0.696, 0.678, 0.746, 0.726, 0.76, 0.694, 0.674, 0.696, 0.662, 0.704]"
4000,0.1,"[[0, 1, 2, 3]]",True,0.9,"median",0.0,1.0,False,0,False,False,False,False,False,False,False,270404,"[0.692, 0.678, 0.74, 0.71, 0.768, 0.696, 0.67, 0.694, 0.652, 0.702]"
4000,1.0,"[[0, 1, 2, 3]]",True,0.5,"mean",0.0,1.0,False,0,False,False,False,False,False,False,False,270404,"[0.606, 0.664, 0.662, 0.686, 0.7, 0.666, 0.664, 0.704, 0.638, 0.68]"
4000,1.0,"[[0, 1, 2, 3]]",True,0.5,"median",0.0,1.0,False,0,False,False,False,False,False,False,False,270404,"[0.612, 0.664, 0.704, 0.694, 0.724, 0.642, 0.654, 0.694, 0.628, 0.69]"
4000,1.0,"[[0, 1, 2, 3]]",True,0.6333333333333333,"mean",0.0,1.0,False,0,False,False,False,False,False,False,False,270404,"[0.606, 0.664, 0.662, 0.686, 0.7, 0.666, 0.664, 0.704, 0.638, 0.68]"
4000,1.0,"[[0, 1, 2, 3]]",True,0.6333333333333333,"median",0.0,1.0,False,0,False,False,False,False,False,False,False,270404,"[0.612, 0.664, 0.704, 0.694, 0.724, 0.642, 0.654, 0.694, 0.628, 0.69]"
4000,1.0,"[[0, 1, 2, 3]]",True,0.7666666666666666,"mean",0.0,1.0,False,0,False,False,False,False,False,False,False,270404,"[0.66, 0.648, 0.746, 0.722, 0.75, 0.628, 0.662, 0.72, 0.63, 0.71]"
4000,1.0,"[[0, 1, 2, 3]]",True,0.7666666666666666,"median",0.0,1.0,False,0,False,False,False,False,False,False,False,270404,"[0.682, 0.662, 0.694, 0.688, 0.752, 0.682, 0.67, 0.716, 0.64, 0.688]"
4000,1.0,"[[0, 1, 2, 3]]",True,0.9,"mean",0.0,1.0,False,0,False,False,False,False,False,False,False,270404,"[0.66, 0.648, 0.746, 0.722, 0.75, 0.628, 0.662, 0.72, 0.63, 0.71]"
4000,1.0,"[[0, 1, 2, 3]]",True,0.9,"median",0.0,1.0,False,0,False,False,False,False,False,False,False,270404,"[0.682, 0.662, 0.694, 0.688, 0.752, 0.682, 0.67, 0.716, 0.64, 0.688]"
4200,0.0001,"[[0, 1, 2, 3]]",True,0.5,"mean",0.0,1.0,False,0,False,False,False,False,False,False,False,270404,"[0.668, 0.676, 0.726, 0.724, 0.738, 0.708, 0.676, 0.72, 0.674, 0.734]"
4200,0.0001,"[[0, 1, 2, 3]]",True,0.5,"median",0.0,1.0,False,0,False,False,False,False,False,False,False,270404,"[0.668, 0.678, 0.728, 0.726, 0.736, 0.704, 0.672, 0.718, 0.674, 0.734]"
4200,0.0001,"[[0, 1, 2, 3]]",True,0.6333333333333333,"mean",0.0,1.0,False,0,False,False,False,False,False,False,False,270404,"[0.668, 0.676, 0.726, 0.724, 0.738, 0.708, 0.676, 0.72, 0.674, 0.734]"
4200,0.0001,"[[0, 1, 2, 3]]",True,0.6333333333333333,"median",0.0,1.0,False,0,False,False,False,False,False,False,False,270404,"[0.668, 0.678, 0.728, 0.726, 0.736, 0.704, 0.672, 0.718, 0.674, 0.734]"
4200,0.0001,"[[0, 1, 2, 3]]",True,0.7666666666666666,"mean",0.0,1.0,False,0,False,False,False,False,False,False,False,270404,"[0.684, 0.7, 0.736, 0.736, 0.75, 0.72, 0.686, 0.712, 0.692, 0.756]"
4200,0.0001,"[[0, 1, 2, 3]]",True,0.7666666666666666,"median",0.0,1.0,False,0,False,False,False,False,False,False,False,270404,"[0.674, 0.696, 0.73, 0.742, 0.742, 0.718, 0.686, 0.72, 0.688, 0.75]"
4200,0.0001,"[[0, 1, 2, 3]]",True,0.9,"mean",0.0,1.0,False,0,False,False,False,False,False,False,False,270404,"[0.684, 0.7, 0.736, 0.736, 0.75, 0.72, 0.686, 0.712, 0.692, 0.756]"
4200,0.0001,"[[0, 1, 2, 3]]",True,0.9,"median",0.0,1.0,False,0,False,False,False,False,False,False,False,270404,"[0.674, 0.696, 0.73, 0.742, 0.742, 0.718, 0.686, 0.72, 0.688, 0.75]"
4200,0.001,"[[0, 1, 2, 3]]",True,0.5,"mean",0.0,1.0,False,0,False,False,False,False,False,False,False,270404,"[0.726, 0.698, 0.754, 0.742, 0.768, 0.74, 0.682, 0.738, 0.714, 0.754]"
4200,0.001,"[[0, 1, 2, 3]]",True,0.5,"median",0.0,1.0,False,0,False,False,False,False,False,False,False,270404,"[0.726, 0.7, 0.754, 0.742, 0.766, 0.74, 0.682, 0.736, 0.71, 0.754]"
4200,0.001,"[[0, 1, 2, 3]]",True,0.6333333333333333,"mean",0.0,1.0,False,0,False,False,False,False,False,False,False,270404,"[0.726, 0.698, 0.754, 0.742, 0.768, 0.74, 0.682, 0.738, 0.714, 0.754]"
4200,0.001,"[[0, 1, 2, 3]]",True,0.6333333333333333,"median",0.0,1.0,False,0,False,False,False,False,False,False,False,270404,"[0.726, 0.7, 0.754, 0.742, 0.766, 0.74, 0.682, 0.736, 0.71, 0.754]"
4200,0.001,"[[0, 1, 2, 3]]",True,0.7666666666666666,"mean",0.0,1.0,False,0,False,False,False,False,False,False,False,270404,"[0.728, 0.708, 0.762, 0.746, 0.766, 0.746, 0.706, 0.746, 0.712, 0.766]"
4200,0.001,"[[0, 1, 2, 3]]",True,0.7666666666666666,"median",0.0,1.0,False,0,False,False,False,False,False,False,False,270404,"[0.726, 0.712, 0.764, 0.75, 0.768, 0.746, 0.708, 0.748, 0.714, 0.77]"
4200,0.001,"[[0, 1, 2, 3]]",True,0.9,"mean",0.0,1.0,False,0,False,False,False,False,False,False,False,270404,"[0.728, 0.708, 0.762, 0.746, 0.766, 0.746, 0.706, 0.746, 0.712, 0.766]"
4200,0.001,"[[0, 1, 2, 3]]",True,0.9,"median",0.0,1.0,False,0,False,False,False,False,False,False,False,270404,"[0.726, 0.712, 0.764, 0.75, 0.768, 0.746, 0.708, 0.748, 0.714, 0.77]"
4200,0.01,"[[0, 1, 2, 3]]",True,0.5,"mean",0.0,1.0,False,0,False,False,False,False,False,False,False,270404,"[0.718, 0.712, 0.75, 0.726, 0.752, 0.742, 0.706, 0.75, 0.738, 0.744]"
4200,0.01,"[[0, 1, 2, 3]]",True,0.5,"median",0.0,1.0,False,0,False,False,False,False,False,False,False,270404,"[0.716, 0.71, 0.748, 0.726, 0.754, 0.742, 0.708, 0.748, 0.734, 0.744]"
4200,0.01,"[[0, 1, 2, 3]]",True,0.6333333333333333,"mean",0.0,1.0,False,0,False,False,False,False,False,False,False,270404,"[0.718, 0.712, 0.75, 0.726, 0.752, 0.742, 0.706, 0.75, 0.738, 0.744]"
4200,0.01,"[[0, 1, 2, 3]]",True,0.6333333333333333,"median",0.0,1.0,False,0,False,False,False,False,False,False,False,270404,"[0.716, 0.71, 0.748, 0.726, 0.754, 0.742, 0.708, 0.748, 0.734, 0.744]"
4200,0.01,"[[0, 1, 2, 3]]",True,0.7666666666666666,"mean",0.0,1.0,False,0,False,False,False,False,False,False,False,270404,"[0.722, 0.73, 0.76, 0.74, 0.772, 0.758, 0.72, 0.74, 0.752, 0.744]"
4200,0.01,"[[0, 1, 2, 3]]",True,0.7666666666666666,"median",0.0,1.0,False,0,False,False,False,False,False,False,False,270404,"[0.724, 0.73, 0.76, 0.74, 0.776, 0.758, 0.722, 0.744, 0.756, 0.75]"
4200,0.01,"[[0, 1, 2, 3]]",True,0.9,"mean",0.0,1.0,False,0,False,False,False,False,False,False,False,270404,"[0.722, 0.73, 0.76, 0.74, 0.772, 0.758, 0.72, 0.74, 0.752, 0.744]"
4200,0.01,"[[0, 1, 2, 3]]",True,0.9,"median",0.0,1.0,False,0,False,False,False,False,False,False,False,270404,"[0.724, 0.73, 0.76, 0.74, 0.776, 0.758, 0.722, 0.744, 0.756, 0.75]"
4200,0.1,"[[0, 1, 2, 3]]",True,0.5,"mean",0.0,1.0,False,0,False,False,False,False,False,False,False,270404,"[0.682, 0.684, 0.692, 0.724, 0.71, 0.738, 0.694, 0.752, 0.742, 0.762]"
4200,0.1,"[[0, 1, 2, 3]]",True,0.5,"median",0.0,1.0,False,0,False,False,False,False,False,False,False,270404,"[0.692, 0.682, 0.694, 0.724, 0.716, 0.734, 0.696, 0.748, 0.74, 0.764]"
4200,0.1,"[[0, 1, 2, 3]]",True,0.6333333333333333,"mean",0.0,1.0,False,0,False,False,False,False,False,False,False,270404,"[0.682, 0.684, 0.692, 0.724, 0.71, 0.738, 0.694, 0.752, 0.742, 0.762]"
4200,0.1,"[[0, 1, 2, 3]]",True,0.6333333333333333,"median",0.0,1.0,False,0,False,False,False,False,False,False,False,270404,"[0.692, 0.682, 0.694, 0.724, 0.716, 0.734, 0.696, 0.748, 0.74, 0.764]"
4200,0.1,"[[0, 1, 2, 3]]",True,0.7666666666666666,"mean",0.0,1.0,False,0,False,False,False,False,False,False,False,270404,"[0.696, 0.71, 0.724, 0.718, 0.722, 0.748, 0.722, 0.744, 0.748, 0.768]"
4200,0.1,"[[0, 1, 2, 3]]",True,0.7666666666666666,"median",0.0,1.0,False,0,False,False,False,False,False,False,False,270404,"[0.702, 0.708, 0.72, 0.72, 0.718, 0.75, 0.722, 0.748, 0.754, 0.77]"
4200,0.1,"[[0, 1, 2, 3]]",True,0.9,"mean",0.0,1.0,False,0,False,False,False,False,False,False,False,270404,"[0.696, 0.71, 0.724, 0.718, 0.722, 0.748, 0.722, 0.744, 0.748, 0.768]"
4200,0.1,"[[0, 1, 2, 3]]",True,0.9,"median",0.0,1.0,False,0,False,False,False,False,False,False,False,270404,"[0.702, 0.708, 0.72, 0.72, 0.718, 0.75, 0.722, 0.748, 0.754, 0.77]"
4200,1.0,"[[0, 1, 2, 3]]",True,0.5,"mean",0.0,1.0,False,0,False,False,False,False,False,False,False,270404,"[0.626, 0.632, 0.684, 0.696, 0.68, 0.682, 0.672, 0.742, 0.706, 0.748]"
4200,1.0,"[[0, 1, 2, 3]]",True,0.5,"median",0.0,1.0,False,0,False,False,False,False,False,False,False,270404,"[0.684, 0.6, 0.686, 0.706, 0.704, 0.692, 0.678, 0.752, 0.722, 0.746]"
4200,1.0,"[[0, 1, 2, 3]]",True,0.6333333333333333,"mean",0.0,1.0,False,0,False,False,False,False,False,False,False,270404,"[0.626, 0.632, 0.684, 0.696, 0.68, 0.682, 0.672, 0.742, 0.706, 0.748]"
4200,1.0,"[[0, 1, 2, 3]]",True,0.6333333333333333,"median",0.0,1.0,False,0,False,False,False,False,False,False,False,270404,"[0.684, 0.6, 0.686, 0.706, 0.704, 0.692, 0.678, 0.752, 0.722, 0.746]"
4200,1.0,"[[0, 1, 2, 3]]",True,0.7666666666666666,"mean",0.0,1.0,False,0,False,False,False,False,False,False,False,270404,"[0.702, 0.69, 0.7, 0.698, 0.702, 0.712, 0.71, 0.722, 0.75, 0.764]"
4200,1.0,"[[0, 1, 2, 3]]",True,0.7666666666666666,"median",0.0,1.0,False,0,False,False,False,False,False,False,False,270404,"[0.704, 0.632, 0.688, 0.692, 0.656, 0.72, 0.684, 0.726, 0.732, 0.752]"
4200,1.0,"[[0, 1, 2, 3]]",True,0.9,"mean",0.0,1.0,False,0,False,False,False,False,False,False,False,270404,"[0.702, 0.69, 0.7, 0.698, 0.702, 0.712, 0.71, 0.722, 0.75, 0.764]"
4200,1.0,"[[0, 1, 2, 3]]",True,0.9,"median",0.0,1.0,False,0,False,False,False,False,False,False,False,270404,"[0.704, 0.632, 0.688, 0.692, 0.656, 0.72, 0.684, 0.726, 0.732, 0.752]"
4400,0.0001,"[[0, 1, 2, 3]]",True,0.5,"mean",0.0,1.0,False,0,False,False,False,False,False,False,False,270404,"[0.672, 0.68, 0.726, 0.724, 0.738, 0.704, 0.672, 0.72, 0.674, 0.734]"
4400,0.0001,"[[0, 1, 2, 3]]",True,0.5,"median",0.0,1.0,False,0,False,False,False,False,False,False,False,270404,"[0.67, 0.678, 0.728, 0.724, 0.738, 0.704, 0.668, 0.722, 0.674, 0.734]"
4400,0.0001,"[[0, 1, 2, 3]]",True,0.6333333333333333,"mean",0.0,1.0,False,0,False,False,False,False,False,False,False,270404,"[0.672, 0.68, 0.726, 0.724, 0.738, 0.704, 0.672, 0.72, 0.674, 0.734]"
4400,0.0001,"[[0, 1, 2, 3]]",True,0.6333333333333333,"median",0.0,1.0,False,0,False,False,False,False,False,False,False,270404,"[0.67, 0.678, 0.728, 0.724, 0.738, 0.704, 0.668, 0.722, 0.674, 0.734]"
4400,0.0001,"[[0, 1, 2, 3]]",True,0.7666666666666666,"mean",0.0,1.0,False,0,False,False,False,False,False,False,False,270404,"[0.684, 0.704, 0.738, 0.738, 0.75, 0.72, 0.688, 0.712, 0.694, 0.756]"
4400,0.0001,"[[0, 1, 2, 3]]",True,0.7666666666666666,"median",0.0,1.0,False,0,False,False,False,False,False,False,False,270404,"[0.678, 0.702, 0.734, 0.74, 0.744, 0.716, 0.682, 0.72, 0.688, 0.75]"
4400,0.0001,"[[0, 1, 2, 3]]",True,0.9,"mean",0.0,1.0,False,0,False,False,False,False,False,False,False,270404,"[0.684, 0.704, 0.738, 0.738, 0.75, 0.72, 0.688, 0.712, 0.694, 0.756]"
4400,0.0001,"[[0, 1, 2, 3]]",True,0.9,"median",0.0,1.0,False,0,False,False,False,False,False,False,False,270404,"[0.678, 0.702, 0.734, 0.74, 0.744, 0.716, 0.682, 0.72, 0.688, 0.75]"
4400,0.001,"[[0, 1, 2, 3]]",True,0.5,"mean",0.0,1.0,False,0,False,False,False,False,False,False,False,270404,"[0.728, 0.702, 0.756, 0.736, 0.762, 0.74, 0.688, 0.728, 0.714, 0.754]"
4400,0.001,"[[0, 1, 2, 3]]",True,0.5,"median",0.0,1.0,False,0,False,False,False,False,False,False,False,270404,"[0.728, 0.702, 0.756, 0.736, 0.76, 0.742, 0.688, 0.728, 0.712, 0.754]"
4400,0.001,"[[0, 1, 2, 3]]",True,0.6333333333333333,"mean",0.0,1.0,False,0,False,False,False,False,False,False,False,270404,"[0.728, 0.702, 0.756, 0.736, 0.762, 0.74, 0.688, 0.728, 0.714, 0.754]"
4400,0.001,"[[0, 1, 2, 3]]",True,0.6333333333333333,"median",0.0,1.0,False,0,False,False,False,False,False,False,False,270404,"[0.728, 0.702, 0.756, 0.736, 0.76, 0.742, 0.688, 0.728, 0.712, 0.754]"
4400,0.001,"[[0, 1, 2, 3]]",True,0.7666666666666666,"mean",0.0,1.0,False,0,False,False,False,False,False,False,False,270404,"[0.724, 0.724, 0.766, 0.74, 0.766, 0.748, 0.706, 0.742, 0.714, 0.774]"
4400,0.001,"[[0, 1, 2, 3]]",True,0.7666666666666666,"median",0.0,1.0,False,0,False,False,False,False,False,False,False,270404,"[0.722, 0.728, 0.768, 0.744, 0.766, 0.75, 0.706, 0.746, 0.712, 0.772]"
4400,0.001,"[[0, 1, 2, 3]]",True,0.9,"mean",0.0,1.0,False,0,False,False,False,False,False,False,False,270404,"[0.724, 0.724, 0.766, 0.74, 0.766, 0.748, 0.706, 0.742, 0.714, 0.774]"
4400,0.001,"[[0, 1, 2, 3]]",True,0.9,"median",0.0,1.0,False,0,False,False,False,False,False,False,False,270404,"[0.722, 0.728, 0.768, 0.744, 0.766, 0.75, 0.706, 0.746, 0.712, 0.772]"
4400,0.01,"[[0, 1, 2, 3]]",True,0.5,"mean",0.0,1.0,False,0,False,False,False,False,False,False,False,270404,"[0.718, 0.718, 0.75, 0.744, 0.746, 0.746, 0.708, 0.734, 0.74, 0.752]"
4400,0.01,"[[0, 1, 2, 3]]",True,0.5,"median",0.0,1.0,False,0,False,False,False,False,False,False,False,270404,"[0.716, 0.716, 0.752, 0.742, 0.744, 0.746, 0.71, 0.734, 0.742, 0.752]"
4400,0.01,"[[0, 1, 2, 3]]",True,0.6333333333333333,"mean",0.0,1.0,False,0,False,False,False,False,False,False,False,270404,"[0.718, 0.718, 0.75, 0.744, 0.746, 0.746, 0.708, 0.734, 0.74, 0.752]"
4400,0.01,"[[0, 1, 2, 3]]",True,0.6333333333333333,"median",0.0,1.0,False,0,False,False,False,False,False,False,False,270404,"[0.716, 0.716, 0.752, 0.742, 0.744, 0.746, 0.71, 0.734, 0.742, 0.752]"
4400,0.01,"[[0, 1, 2, 3]]",True,0.7666666666666666,"mean",0.0,1.0,False,0,False,False,False,False,False,False,False,270404,"[0.708, 0.738, 0.762, 0.752, 0.776, 0.772, 0.734, 0.746, 0.762, 0.762]"
4400,0.01,"[[0, 1, 2, 3]]",True,0.7666666666666666,"median",0.0,1.0,False,0,False,False,False,False,False,False,False,270404,"[0.708, 0.738, 0.76, 0.746, 0.78, 0.772, 0.734, 0.746, 0.76, 0.76]"
4400,0.01,"[[0, 1, 2, 3]]",True,0.9,"mean",0.0,1.0,False,0,False,False,False,False,False,False,False,270404,"[0.708, 0.738, 0.762, 0.752, 0.776, 0.772, 0.734, 0.746, 0.762, 0.762]"
4400,0.01,"[[0, 1, 2, 3]]",True,0.9,"median",0.0,1.0,False,0,False,False,False,False,False,False,False,270404,"[0.708, 0.738, 0.76, 0.746, 0.78, 0.772, 0.734, 0.746, 0.76, 0.76]"
4400,0.1,"[[0, 1, 2, 3]]",True,0.5,"mean",0.0,1.0,False,0,False,False,False,False,False,False,False,270404,"[0.718, 0.718, 0.718, 0.718, 0.768, 0.688, 0.692, 0.678, 0.764, 0.742]"
4400,0.1,"[[0, 1, 2, 3]]",True,0.5,"median",0.0,1.0,False,0,False,False,False,False,False,False,False,270404,"[0.716, 0.716, 0.718, 0.716, 0.758, 0.688, 0.686, 0.678, 0.768, 0.74]"
4400,0.1,"[[0, 1, 2, 3]]",True,0.6333333333333333,"mean",0.0,1.0,False,0,False,False,False,False,False,False,False,270404,"[0.718, 0.718, 0.718, 0.718, 0.768, 0.688, 0.692, 0.678, 0.764, 0.742]"
4400,0.1,"[[0, 1, 2, 3]]",True,0.6333333333333333,"median",0.0,1.0,False,0,False,False,False,False,False,False,False,270404,"[0.716, 0.716, 0.718, 0.716, 0.758, 0.688, 0.686, 0.678, 0.768, 0.74]"
4400,0.1,"[[0, 1, 2, 3]]",True,0.7666666666666666,"mean",0.0,1.0,False,0,False,False,False,False,False,False,False,270404,"[0.726, 0.746, 0.706, 0.722, 0.748, 0.734, 0.71, 0.698, 0.77, 0.754]"
4400,0.1,"[[0, 1, 2, 3]]",True,0.7666666666666666,"median",0.0,1.0,False,0,False,False,False,False,False,False,False,270404,"[0.732, 0.748, 0.712, 0.722, 0.736, 0.732, 0.706, 0.692, 0.774, 0.752]"
4400,0.1,"[[0, 1, 2, 3]]",True,0.9,"mean",0.0,1.0,False,0,False,False,False,False,False,False,False,270404,"[0.726, 0.746, 0.706, 0.722, 0.748, 0.734, 0.71, 0.698, 0.77, 0.754]"
4400,0.1,"[[0, 1, 2, 3]]",True,0.9,"median",0.0,1.0,False,0,False,False,False,False,False,False,False,270404,"[0.732, 0.748, 0.712, 0.722, 0.736, 0.732, 0.706, 0.692, 0.774, 0.752]"
4400,1.0,"[[0, 1, 2, 3]]",True,0.5,"mean",0.0,1.0,False,0,False,False,False,False,False,False,False,270404,"[0.674, 0.648, 0.706, 0.71, 0.724, 0.62, 0.676, 0.63, 0.698, 0.704]"
4400,1.0,"[[0, 1, 2, 3]]",True,0.5,"median",0.0,1.0,False,0,False,False,False,False,False,False,False,270404,"[0.708, 0.664, 0.712, 0.708, 0.726, 0.62, 0.678, 0.608, 0.696, 0.728]"
4400,1.0,"[[0, 1, 2, 3]]",True,0.6333333333333333,"mean",0.0,1.0,False,0,False,False,False,False,False,False,False,270404,"[0.674, 0.648, 0.706, 0.71, 0.724, 0.62, 0.676, 0.63, 0.698, 0.704]"
4400,1.0,"[[0, 1, 2, 3]]",True,0.6333333333333333,"median",0.0,1.0,False,0,False,False,False,False,False,False,False,270404,"[0.708, 0.664, 0.712, 0.708, 0.726, 0.62, 0.678, 0.608, 0.696, 0.728]"
4400,1.0,"[[0, 1, 2, 3]]",True,0.7666666666666666,"mean",0.0,1.0,False,0,False,False,False,False,False,False,False,270404,"[0.652, 0.718, 0.666, 0.69, 0.692, 0.648, 0.684, 0.644, 0.746, 0.746]"
4400,1.0,"[[0, 1, 2, 3]]",True,0.7666666666666666,"median",0.0,1.0,False,0,False,False,False,False,False,False,False,270404,"[0.688, 0.718, 0.664, 0.718, 0.712, 0.686, 0.632, 0.61, 0.756, 0.748]"
4400,1.0,"[[0, 1, 2, 3]]",True,0.9,"mean",0.0,1.0,False,0,False,False,False,False,False,False,False,270404,"[0.652, 0.718, 0.666, 0.69, 0.692, 0.648, 0.684, 0.644, 0.746, 0.746]"
4400,1.0,"[[0, 1, 2, 3]]",True,0.9,"median",0.0,1.0,False,0,False,False,False,False,False,False,False,270404,"[0.688, 0.718, 0.664, 0.718, 0.712, 0.686, 0.632, 0.61, 0.756, 0.748]"
4600,0.0001,"[[0, 1, 2, 3]]",True,0.5,"mean",0.0,1.0,False,0,False,False,False,False,False,False,False,270404,"[0.674, 0.682, 0.726, 0.726, 0.736, 0.704, 0.67, 0.716, 0.672, 0.732]"
4600,0.0001,"[[0, 1, 2, 3]]",True,0.5,"median",0.0,1.0,False,0,False,False,False,False,False,False,False,270404,"[0.67, 0.678, 0.728, 0.726, 0.736, 0.702, 0.672, 0.718, 0.674, 0.732]"
4600,0.0001,"[[0, 1, 2, 3]]",True,0.6333333333333333,"mean",0.0,1.0,False,0,False,False,False,False,False,False,False,270404,"[0.674, 0.682, 0.726, 0.726, 0.736, 0.704, 0.67, 0.716, 0.672, 0.732]"
4600,0.0001,"[[0, 1, 2, 3]]",True,0.6333333333333333,"median",0.0,1.0,False,0,False,False,False,False,False,False,False,270404,"[0.67, 0.678, 0.728, 0.726, 0.736, 0.702, 0.672, 0.718, 0.674, 0.732]"
4600,0.0001,"[[0, 1, 2, 3]]",True,0.7666666666666666,"mean",0.0,1.0,False,0,False,False,False,False,False,False,False,270404,"[0.684, 0.7, 0.736, 0.736, 0.746, 0.722, 0.686, 0.712, 0.694, 0.756]"
4600,0.0001,"[[0, 1, 2, 3]]",True,0.7666666666666666,"median",0.0,1.0,False,0,False,False,False,False,False,False,False,270404,"[0.672, 0.7, 0.726, 0.738, 0.742, 0.72, 0.68, 0.714, 0.688, 0.752]"
4600,0.0001,"[[0, 1, 2, 3]]",True,0.9,"mean",0.0,1.0,False,0,False,False,False,False,False,False,False,270404,"[0.684, 0.7, 0.736, 0.736, 0.746, 0.722, 0.686, 0.712, 0.694, 0.756]"
4600,0.0001,"[[0, 1, 2, 3]]",True,0.9,"median",0.0,1.0,False,0,False,False,False,False,False,False,False,270404,"[0.672, 0.7, 0.726, 0.738, 0.742, 0.72, 0.68, 0.714, 0.688, 0.752]"
4600,0.001,"[[0, 1, 2, 3]]",True,0.5,"mean",0.0,1.0,False,0,False,False,False,False,False,False,False,270404,"[0.728, 0.7, 0.76, 0.736, 0.766, 0.736, 0.688, 0.722, 0.712, 0.754]"
4600,0.001,"[[0, 1, 2, 3]]",True,0.5,"median",0.0,1.0,False,0,False,False,False,False,False,False,False,270404,"[0.724, 0.7, 0.758, 0.734, 0.764, 0.738, 0.684, 0.722, 0.71, 0.752]"
4600,0.001,"[[0, 1, 2, 3]]",True,0.6333333333333333,"mean",0.0,1.0,False,0,False,False,False,False,False,False,False,270404,"[0.728, 0.7, 0.76, 0.736, 0.766, 0.736, 0.688, 0.722, 0.712, 0.754]"
4600,0.001,"[[0, 1, 2, 3]]",True,0.6333333333333333,"median",0.0,1.0,False,0,False,False,False,False,False,False,False,270404,"[0.724, 0.7, 0.758, 0.734, 0.764, 0.738, 0.684, 0.722, 0.71, 0.752]"
4600,0.001,"[[0, 1, 2, 3]]",True,0.7666666666666666,"mean",0.0,1.0,False,0,False,False,False,False,False,False,False,270404,"[0.72, 0.726, 0.768, 0.744, 0.768, 0.742, 0.71, 0.73, 0.714, 0.774]"
4600,0.001,"[[0, 1, 2, 3]]",True,0.7666666666666666,"median",0.0,1.0,False,0,False,False,False,False,False,False,False,270404,"[0.72, 0.73, 0.768, 0.744, 0.768, 0.744, 0.71, 0.738, 0.71, 0.774]"
4600,0.001,"[[0, 1, 2, 3]]",True,0.9,"mean",0.0,1.0,False,0,False,False,False,False,False,False,False,270404,"[0.72, 0.726, 0.768, 0.744, 0.768, 0.742, 0.71, 0.73, 0.714, 0.774]"
4600,0.001,"[[0, 1, 2, 3]]",True,0.9,"median",0.0,1.0,False,0,False,False,False,False,False,False,False,270404,"[0.72, 0.73, 0.768, 0.744, 0.768, 0.744, 0.71, 0.738, 0.71, 0.774]"
4600,0.01,"[[0, 1, 2, 3]]",True,0.5,"mean",0.0,1.0,False,0,False,False,False,False,False,False,False,270404,"[0.716, 0.692, 0.752, 0.754, 0.762, 0.736, 0.694, 0.72, 0.736, 0.754]"
4600,0.01,"[[0, 1, 2, 3]]",True,0.5,"median",0.0,1.0,False,0,False,False,False,False,False,False,False,270404,"[0.714, 0.69, 0.754, 0.754, 0.766, 0.734, 0.692, 0.72, 0.736, 0.754]"
4600,0.01,"[[0, 1, 2, 3]]",True,0.6333333333333333,"mean",0.0,1.0,False,0,False,False,False,False,False,False,False,270404,"[0.716, 0.692, 0.752, 0.754, 0.762, 0.736, 0.694, 0.72, 0.736, 0.754]"
4600,0.01,"[[0, 1, 2, 3]]",True,0.6333333333333333,"median",0.0,1.0,False,0,False,False,False,False,False,False,False,270404,"[0.714, 0.69, 0.754, 0.754, 0.766, 0.734, 0.692, 0.72, 0.736, 0.754]"
4600,0.01,"[[0, 1, 2, 3]]",True,0.7666666666666666,"mean",0.0,1.0,False,0,False,False,False,False,False,False,False,270404,"[0.72, 0.73, 0.76, 0.748, 0.772, 0.75, 0.72, 0.738, 0.748, 0.762]"
4600,0.01,"[[0, 1, 2, 3]]",True,0.7666666666666666,"median",0.0,1.0,False,0,False,False,False,False,False,False,False,270404,"[0.724, 0.73, 0.76, 0.748, 0.774, 0.75, 0.724, 0.744, 0.748, 0.76]"
4600,0.01,"[[0, 1, 2, 3]]",True,0.9,"mean",0.0,1.0,False,0,False,False,False,False,False,False,False,270404,"[0.72, 0.73, 0.76, 0.748, 0.772, 0.75, 0.72, 0.738, 0.748, 0.762]"
4600,0.01,"[[0, 1, 2, 3]]",True,0.9,"median",0.0,1.0,False,0,False,False,False,False,False,False,False,270404,"[0.724, 0.73, 0.76, 0.748, 0.774, 0.75, 0.724, 0.744, 0.748, 0.76]"
4600,0.1,"[[0, 1, 2, 3]]",True,0.5,"mean",0.0,1.0,False,0,False,False,False,False,False,False,False,270404,"[0.676, 0.672, 0.706, 0.68, 0.714, 0.698, 0.67, 0.696, 0.694, 0.746]"
4600,0.1,"[[0, 1, 2, 3]]",True,0.5,"median",0.0,1.0,False,0,False,False,False,False,False,False,False,270404,"[0.678, 0.67, 0.706, 0.68, 0.716, 0.698, 0.664, 0.696, 0.694, 0.746]"
4600,0.1,"[[0, 1, 2, 3]]",True,0.6333333333333333,"mean",0.0,1.0,False,0,False,False,False,False,False,False,False,270404,"[0.676, 0.672, 0.706, 0.68, 0.714, 0.698, 0.67, 0.696, 0.694, 0.746]"
4600,0.1,"[[0, 1, 2, 3]]",True,0.6333333333333333,"median",0.0,1.0,False,0,False,False,False,False,False,False,False,270404,"[0.678, 0.67, 0.706, 0.68, 0.716, 0.698, 0.664, 0.696, 0.694, 0.746]"
4600,0.1,"[[0, 1, 2, 3]]",True,0.7666666666666666,"mean",0.0,1.0,False,0,False,False,False,False,False,False,False,270404,"[0.694, 0.684, 0.678, 0.666, 0.702, 0.688, 0.688, 0.686, 0.714, 0.756]"
4600,0.1,"[[0, 1, 2, 3]]",True,0.7666666666666666,"median",0.0,1.0,False,0,False,False,False,False,False,False,False,270404,"[0.704, 0.67, 0.676, 0.672, 0.69, 0.692, 0.678, 0.68, 0.718, 0.756]"
4600,0.1,"[[0, 1, 2, 3]]",True,0.9,"mean",0.0,1.0,False,0,False,False,False,False,False,False,False,270404,"[0.694, 0.684, 0.678, 0.666, 0.702, 0.688, 0.688, 0.686, 0.714, 0.756]"
4600,0.1,"[[0, 1, 2, 3]]",True,0.9,"median",0.0,1.0,False,0,False,False,False,False,False,False,False,270404,"[0.704, 0.67, 0.676, 0.672, 0.69, 0.692, 0.678, 0.68, 0.718, 0.756]"
4600,1.0,"[[0, 1, 2, 3]]",True,0.5,"mean",0.0,1.0,False,0,False,False,False,False,False,False,False,270404,"[0.644, 0.656, 0.652, 0.632, 0.628, 0.64, 0.698, 0.68, 0.65, 0.712]"
4600,1.0,"[[0, 1, 2, 3]]",True,0.5,"median",0.0,1.0,False,0,False,False,False,False,False,False,False,270404,"[0.68, 0.65, 0.644, 0.636, 0.682, 0.644, 0.688, 0.66, 0.654, 0.728]"
4600,1.0,"[[0, 1, 2, 3]]",True,0.6333333333333333,"mean",0.0,1.0,False,0,False,False,False,False,False,False,False,270404,"[0.644, 0.656, 0.652, 0.632, 0.628, 0.64, 0.698, 0.68, 0.65, 0.712]"
4600,1.0,"[[0, 1, 2, 3]]",True,0.6333333333333333,"median",0.0,1.0,False,0,False,False,False,False,False,False,False,270404,"[0.68, 0.65, 0.644, 0.636, 0.682, 0.644, 0.688, 0.66, 0.654, 0.728]"
4600,1.0,"[[0, 1, 2, 3]]",True,0.7666666666666666,"mean",0.0,1.0,False,0,False,False,False,False,False,False,False,270404,"[0.658, 0.652, 0.672, 0.65, 0.652, 0.618, 0.672, 0.63, 0.706, 0.734]"
4600,1.0,"[[0, 1, 2, 3]]",True,0.7666666666666666,"median",0.0,1.0,False,0,False,False,False,False,False,False,False,270404,"[0.686, 0.672, 0.638, 0.65, 0.648, 0.658, 0.67, 0.63, 0.708, 0.734]"
4600,1.0,"[[0, 1, 2, 3]]",True,0.9,"mean",0.0,1.0,False,0,False,False,False,False,False,False,False,270404,"[0.658, 0.652, 0.672, 0.65, 0.652, 0.618, 0.672, 0.63, 0.706, 0.734]"
4600,1.0,"[[0, 1, 2, 3]]",True,0.9,"median",0.0,1.0,False,0,False,False,False,False,False,False,False,270404,"[0.686, 0.672, 0.638, 0.65, 0.648, 0.658, 0.67, 0.63, 0.708, 0.734]"
4800,0.0001,"[[0, 1, 2, 3]]",True,0.5,"mean",0.0,1.0,False,0,False,False,False,False,False,False,False,270404,"[0.676, 0.68, 0.726, 0.732, 0.736, 0.702, 0.67, 0.718, 0.674, 0.736]"
4800,0.0001,"[[0, 1, 2, 3]]",True,0.5,"median",0.0,1.0,False,0,False,False,False,False,False,False,False,270404,"[0.676, 0.678, 0.728, 0.73, 0.734, 0.706, 0.67, 0.718, 0.674, 0.734]"
4800,0.0001,"[[0, 1, 2, 3]]",True,0.6333333333333333,"mean",0.0,1.0,False,0,False,False,False,False,False,False,False,270404,"[0.676, 0.68, 0.726, 0.732, 0.736, 0.702, 0.67, 0.718, 0.674, 0.736]"
4800,0.0001,"[[0, 1, 2, 3]]",True,0.6333333333333333,"median",0.0,1.0,False,0,False,False,False,False,False,False,False,270404,"[0.676, 0.678, 0.728, 0.73, 0.734, 0.706, 0.67, 0.718, 0.674, 0.734]"
4800,0.0001,"[[0, 1, 2, 3]]",True,0.7666666666666666,"mean",0.0,1.0,False,0,False,False,False,False,False,False,False,270404,"[0.682, 0.704, 0.744, 0.738, 0.748, 0.72, 0.686, 0.712, 0.694, 0.756]"
4800,0.0001,"[[0, 1, 2, 3]]",True,0.7666666666666666,"median",0.0,1.0,False,0,False,False,False,False,False,False,False,270404,"[0.674, 0.698, 0.73, 0.742, 0.744, 0.716, 0.684, 0.718, 0.694, 0.75]"
4800,0.0001,"[[0, 1, 2, 3]]",True,0.9,"mean",0.0,1.0,False,0,False,False,False,False,False,False,False,270404,"[0.682, 0.704, 0.744, 0.738, 0.748, 0.72, 0.686, 0.712, 0.694, 0.756]"
4800,0.0001,"[[0, 1, 2, 3]]",True,0.9,"median",0.0,1.0,False,0,False,False,False,False,False,False,False,270404,"[0.674, 0.698, 0.73, 0.742, 0.744, 0.716, 0.684, 0.718, 0.694, 0.75]"
4800,0.001,"[[0, 1, 2, 3]]",True,0.5,"mean",0.0,1.0,False,0,False,False,False,False,False,False,False,270404,"[0.722, 0.698, 0.76, 0.738, 0.766, 0.746, 0.684, 0.726, 0.712, 0.754]"
4800,0.001,"[[0, 1, 2, 3]]",True,0.5,"median",0.0,1.0,False,0,False,False,False,False,False,False,False,270404,"[0.72, 0.696, 0.76, 0.738, 0.77, 0.746, 0.688, 0.728, 0.712, 0.752]"
4800,0.001,"[[0, 1, 2, 3]]",True,0.6333333333333333,"mean",0.0,1.0,False,0,False,False,False,False,False,False,False,270404,"[0.722, 0.698, 0.76, 0.738, 0.766, 0.746, 0.684, 0.726, 0.712, 0.754]"
4800,0.001,"[[0, 1, 2, 3]]",True,0.6333333333333333,"median",0.0,1.0,False,0,False,False,False,False,False,False,False,270404,"[0.72, 0.696, 0.76, 0.738, 0.77, 0.746, 0.688, 0.728, 0.712, 0.752]"
4800,0.001,"[[0, 1, 2, 3]]",True,0.7666666666666666,"mean",0.0,1.0,False,0,False,False,False,False,False,False,False,270404,"[0.72, 0.718, 0.762, 0.744, 0.77, 0.744, 0.71, 0.742, 0.714, 0.772]"
4800,0.001,"[[0, 1, 2, 3]]",True,0.7666666666666666,"median",0.0,1.0,False,0,False,False,False,False,False,False,False,270404,"[0.72, 0.722, 0.762, 0.746, 0.772, 0.744, 0.71, 0.746, 0.712, 0.774]"
4800,0.001,"[[0, 1, 2, 3]]",True,0.9,"mean",0.0,1.0,False,0,False,False,False,False,False,False,False,270404,"[0.72, 0.718, 0.762, 0.744, 0.77, 0.744, 0.71, 0.742, 0.714, 0.772]"
4800,0.001,"[[0, 1, 2, 3]]",True,0.9,"median",0.0,1.0,False,0,False,False,False,False,False,False,False,270404,"[0.72, 0.722, 0.762, 0.746, 0.772, 0.744, 0.71, 0.746, 0.712, 0.774]"
4800,0.01,"[[0, 1, 2, 3]]",True,0.5,"mean",0.0,1.0,False,0,False,False,False,False,False,False,False,270404,"[0.714, 0.696, 0.75, 0.738, 0.742, 0.742, 0.706, 0.728, 0.764, 0.744]"
4800,0.01,"[[0, 1, 2, 3]]",True,0.5,"median",0.0,1.0,False,0,False,False,False,False,False,False,False,270404,"[0.718, 0.698, 0.754, 0.738, 0.742, 0.74, 0.704, 0.728, 0.764, 0.744]"
4800,0.01,"[[0, 1, 2, 3]]",True,0.6333333333333333,"mean",0.0,1.0,False,0,False,False,False,False,False,False,False,270404,"[0.714, 0.696, 0.75, 0.738, 0.742, 0.742, 0.706, 0.728, 0.764, 0.744]"
4800,0.01,"[[0, 1, 2, 3]]",True,0.6333333333333333,"median",0.0,1.0,False,0,False,False,False,False,False,False,False,270404,"[0.718, 0.698, 0.754, 0.738, 0.742, 0.74, 0.704, 0.728, 0.764, 0.744]"
4800,0.01,"[[0, 1, 2, 3]]",True,0.7666666666666666,"mean",0.0,1.0,False,0,False,False,False,False,False,False,False,270404,"[0.728, 0.718, 0.774, 0.746, 0.77, 0.744, 0.724, 0.736, 0.752, 0.756]"
4800,0.01,"[[0, 1, 2, 3]]",True,0.7666666666666666,"median",0.0,1.0,False,0,False,False,False,False,False,False,False,270404,"[0.732, 0.722, 0.774, 0.752, 0.77, 0.746, 0.722, 0.734, 0.758, 0.758]"
4800,0.01,"[[0, 1, 2, 3]]",True,0.9,"mean",0.0,1.0,False,0,False,False,False,False,False,False,False,270404,"[0.728, 0.718, 0.774, 0.746, 0.77, 0.744, 0.724, 0.736, 0.752, 0.756]"
4800,0.01,"[[0, 1, 2, 3]]",True,0.9,"median",0.0,1.0,False,0,False,False,False,False,False,False,False,270404,"[0.732, 0.722, 0.774, 0.752, 0.77, 0.746, 0.722, 0.734, 0.758, 0.758]"
4800,0.1,"[[0, 1, 2, 3]]",True,0.5,"mean",0.0,1.0,False,0,False,False,False,False,False,False,False,270404,"[0.69, 0.64, 0.706, 0.694, 0.712, 0.722, 0.698, 0.724, 0.75, 0.71]"
4800,0.1,"[[0, 1, 2, 3]]",True,0.5,"median",0.0,1.0,False,0,False,False,False,False,False,False,False,270404,"[0.692, 0.642, 0.71, 0.702, 0.71, 0.722, 0.702, 0.724, 0.756, 0.708]"
4800,0.1,"[[0, 1, 2, 3]]",True,0.6333333333333333,"mean",0.0,1.0,False,0,False,False,False,False,False,False,False,270404,"[0.69, 0.64, 0.706, 0.694, 0.712, 0.722, 0.698, 0.724, 0.75, 0.71]"
4800,0.1,"[[0, 1, 2, 3]]",True,0.6333333333333333,"median",0.0,1.0,False,0,False,False,False,False,False,False,False,270404,"[0.692, 0.642, 0.71, 0.702, 0.71, 0.722, 0.702, 0.724, 0.756, 0.708]"
4800,0.1,"[[0, 1, 2, 3]]",True,0.7666666666666666,"mean",0.0,1.0,False,0,False,False,False,False,False,False,False,270404,"[0.69, 0.692, 0.758, 0.74, 0.764, 0.744, 0.696, 0.736, 0.77, 0.728]"
4800,0.1,"[[0, 1, 2, 3]]",True,0.7666666666666666,"median",0.0,1.0,False,0,False,False,False,False,False,False,False,270404,"[0.684, 0.686, 0.748, 0.732, 0.766, 0.74, 0.696, 0.744, 0.77, 0.718]"
4800,0.1,"[[0, 1, 2, 3]]",True,0.9,"mean",0.0,1.0,False,0,False,False,False,False,False,False,False,270404,"[0.69, 0.692, 0.758, 0.74, 0.764, 0.744, 0.696, 0.736, 0.77, 0.728]"
4800,0.1,"[[0, 1, 2, 3]]",True,0.9,"median",0.0,1.0,False,0,False,False,False,False,False,False,False,270404,"[0.684, 0.686, 0.748, 0.732, 0.766, 0.74, 0.696, 0.744, 0.77, 0.718]"
4800,1.0,"[[0, 1, 2, 3]]",True,0.5,"mean",0.0,1.0,False,0,False,False,False,False,False,False,False,270404,"[0.63, 0.606, 0.624, 0.64, 0.598, 0.716, 0.65, 0.698, 0.704, 0.638]"
4800,1.0,"[[0, 1, 2, 3]]",True,0.5,"median",0.0,1.0,False,0,False,False,False,False,False,False,False,270404,"[0.624, 0.606, 0.664, 0.676, 0.672, 0.71, 0.674, 0.732, 0.7, 0.69]"
4800,1.0,"[[0, 1, 2, 3]]",True,0.6333333333333333,"mean",0.0,1.0,False,0,False,False,False,False,False,False,False,270404,"[0.63, 0.606, 0.624, 0.64, 0.598, 0.716, 0.65, 0.698, 0.704, 0.638]"
4800,1.0,"[[0, 1, 2, 3]]",True,0.6333333333333333,"median",0.0,1.0,False,0,False,False,False,False,False,False,False,270404,"[0.624, 0.606, 0.664, 0.676, 0.672, 0.71, 0.674, 0.732, 0.7, 0.69]"
4800,1.0,"[[0, 1, 2, 3]]",True,0.7666666666666666,"mean",0.0,1.0,False,0,False,False,False,False,False,False,False,270404,"[0.658, 0.616, 0.722, 0.714, 0.682, 0.704, 0.7, 0.72, 0.732, 0.716]"
4800,1.0,"[[0, 1, 2, 3]]",True,0.7666666666666666,"median",0.0,1.0,False,0,False,False,False,False,False,False,False,270404,"[0.65, 0.628, 0.72, 0.7, 0.728, 0.722, 0.692, 0.72, 0.736, 0.718]"
4800,1.0,"[[0, 1, 2, 3]]",True,0.9,"mean",0.0,1.0,False,0,False,False,False,False,False,False,False,270404,"[0.658, 0.616, 0.722, 0.714, 0.682, 0.704, 0.7, 0.72, 0.732, 0.716]"
4800,1.0,"[[0, 1, 2, 3]]",True,0.9,"median",0.0,1.0,False,0,False,False,False,False,False,False,False,270404,"[0.65, 0.628, 0.72, 0.7, 0.728, 0.722, 0.692, 0.72, 0.736, 0.718]"
5000,0.0001,"[[0, 1, 2, 3]]",True,0.5,"mean",0.0,1.0,False,0,False,False,False,False,False,False,False,270404,"[0.668, 0.676, 0.728, 0.726, 0.738, 0.71, 0.674, 0.718, 0.672, 0.732]"
5000,0.0001,"[[0, 1, 2, 3]]",True,0.5,"median",0.0,1.0,False,0,False,False,False,False,False,False,False,270404,"[0.672, 0.676, 0.726, 0.728, 0.736, 0.71, 0.676, 0.72, 0.674, 0.732]"
5000,0.0001,"[[0, 1, 2, 3]]",True,0.6333333333333333,"mean",0.0,1.0,False,0,False,False,False,False,False,False,False,270404,"[0.668, 0.676, 0.728, 0.726, 0.738, 0.71, 0.674, 0.718, 0.672, 0.732]"
5000,0.0001,"[[0, 1, 2, 3]]",True,0.6333333333333333,"median",0.0,1.0,False,0,False,False,False,False,False,False,False,270404,"[0.672, 0.676, 0.726, 0.728, 0.736, 0.71, 0.676, 0.72, 0.674, 0.732]"
5000,0.0001,"[[0, 1, 2, 3]]",True,0.7666666666666666,"mean",0.0,1.0,False,0,False,False,False,False,False,False,False,270404,"[0.684, 0.696, 0.742, 0.736, 0.75, 0.722, 0.688, 0.716, 0.692, 0.758]"
5000,0.0001,"[[0, 1, 2, 3]]",True,0.7666666666666666,"median",0.0,1.0,False,0,False,False,False,False,False,False,False,270404,"[0.674, 0.696, 0.734, 0.742, 0.744, 0.718, 0.682, 0.72, 0.694, 0.75]"
5000,0.0001,"[[0, 1, 2, 3]]",True,0.9,"mean",0.0,1.0,False,0,False,False,False,False,False,False,False,270404,"[0.684, 0.696, 0.742, 0.736, 0.75, 0.722, 0.688, 0.716, 0.692, 0.758]"
5000,0.0001,"[[0, 1, 2, 3]]",True,0.9,"median",0.0,1.0,False,0,False,False,False,False,False,False,False,270404,"[0.674, 0.696, 0.734, 0.742, 0.744, 0.718, 0.682, 0.72, 0.694, 0.75]"
5000,0.001,"[[0, 1, 2, 3]]",True,0.5,"mean",0.0,1.0,False,0,False,False,False,False,False,False,False,270404,"[0.728, 0.696, 0.754, 0.746, 0.768, 0.736, 0.688, 0.722, 0.71, 0.756]"
5000,0.001,"[[0, 1, 2, 3]]",True,0.5,"median",0.0,1.0,False,0,False,False,False,False,False,False,False,270404,"[0.726, 0.696, 0.752, 0.746, 0.766, 0.736, 0.688, 0.724, 0.712, 0.756]"
5000,0.001,"[[0, 1, 2, 3]]",True,0.6333333333333333,"mean",0.0,1.0,False,0,False,False,False,False,False,False,False,270404,"[0.728, 0.696, 0.754, 0.746, 0.768, 0.736, 0.688, 0.722, 0.71, 0.756]"
5000,0.001,"[[0, 1, 2, 3]]",True,0.6333333333333333,"median",0.0,1.0,False,0,False,False,False,False,False,False,False,270404,"[0.726, 0.696, 0.752, 0.746, 0.766, 0.736, 0.688, 0.724, 0.712, 0.756]"
5000,0.001,"[[0, 1, 2, 3]]",True,0.7666666666666666,"mean",0.0,1.0,False,0,False,False,False,False,False,False,False,270404,"[0.716, 0.712, 0.766, 0.738, 0.774, 0.744, 0.7, 0.734, 0.722, 0.778]"
5000,0.001,"[[0, 1, 2, 3]]",True,0.7666666666666666,"median",0.0,1.0,False,0,False,False,False,False,False,False,False,270404,"[0.718, 0.71, 0.77, 0.736, 0.772, 0.744, 0.7, 0.736, 0.722, 0.78]"
5000,0.001,"[[0, 1, 2, 3]]",True,0.9,"mean",0.0,1.0,False,0,False,False,False,False,False,False,False,270404,"[0.716, 0.712, 0.766, 0.738, 0.774, 0.744, 0.7, 0.734, 0.722, 0.778]"
5000,0.001,"[[0, 1, 2, 3]]",True,0.9,"median",0.0,1.0,False,0,False,False,False,False,False,False,False,270404,"[0.718, 0.71, 0.77, 0.736, 0.772, 0.744, 0.7, 0.736, 0.722, 0.78]"
5000,0.01,"[[0, 1, 2, 3]]",True,0.5,"mean",0.0,1.0,False,0,False,False,False,False,False,False,False,270404,"[0.744, 0.716, 0.73, 0.718, 0.748, 0.746, 0.72, 0.714, 0.746, 0.752]"
5000,0.01,"[[0, 1, 2, 3]]",True,0.5,"median",0.0,1.0,False,0,False,False,False,False,False,False,False,270404,"[0.744, 0.714, 0.73, 0.718, 0.752, 0.746, 0.722, 0.714, 0.75, 0.758]"
5000,0.01,"[[0, 1, 2, 3]]",True,0.6333333333333333,"mean",0.0,1.0,False,0,False,False,False,False,False,False,False,270404,"[0.744, 0.716, 0.73, 0.718, 0.748, 0.746, 0.72, 0.714, 0.746, 0.752]"
5000,0.01,"[[0, 1, 2, 3]]",True,0.6333333333333333,"median",0.0,1.0,False,0,False,False,False,False,False,False,False,270404,"[0.744, 0.714, 0.73, 0.718, 0.752, 0.746, 0.722, 0.714, 0.75, 0.758]"
5000,0.01,"[[0, 1, 2, 3]]",True,0.7666666666666666,"mean",0.0,1.0,False,0,False,False,False,False,False,False,False,270404,"[0.728, 0.708, 0.756, 0.744, 0.778, 0.758, 0.73, 0.716, 0.748, 0.76]"
5000,0.01,"[[0, 1, 2, 3]]",True,0.7666666666666666,"median",0.0,1.0,False,0,False,False,False,False,False,False,False,270404,"[0.73, 0.706, 0.754, 0.738, 0.774, 0.754, 0.726, 0.718, 0.75, 0.756]"
5000,0.01,"[[0, 1, 2, 3]]",True,0.9,"mean",0.0,1.0,False,0,False,False,False,False,False,False,False,270404,"[0.728, 0.708, 0.756, 0.744, 0.778, 0.758, 0.73, 0.716, 0.748, 0.76]"
5000,0.01,"[[0, 1, 2, 3]]",True,0.9,"median",0.0,1.0,False,0,False,False,False,False,False,False,False,270404,"[0.73, 0.706, 0.754, 0.738, 0.774, 0.754, 0.726, 0.718, 0.75, 0.756]"
5000,0.1,"[[0, 1, 2, 3]]",True,0.5,"mean",0.0,1.0,False,0,False,False,False,False,False,False,False,270404,"[0.692, 0.666, 0.64, 0.684, 0.734, 0.722, 0.676, 0.688, 0.728, 0.732]"
5000,0.1,"[[0, 1, 2, 3]]",True,0.5,"median",0.0,1.0,False,0,False,False,False,False,False,False,False,270404,"[0.688, 0.664, 0.642, 0.696, 0.738, 0.722, 0.678, 0.688, 0.722, 0.73]"
5000,0.1,"[[0, 1, 2, 3]]",True,0.6333333333333333,"mean",0.0,1.0,False,0,False,False,False,False,False,False,False,270404,"[0.692, 0.666, 0.64, 0.684, 0.734, 0.722, 0.676, 0.688, 0.728, 0.732]"
5000,0.1,"[[0, 1, 2, 3]]",True,0.6333333333333333,"median",0.0,1.0,False,0,False,False,False,False,False,False,False,270404,"[0.688, 0.664, 0.642, 0.696, 0.738, 0.722, 0.678, 0.688, 0.722, 0.73]"
5000,0.1,"[[0, 1, 2, 3]]",True,0.7666666666666666,"mean",0.0,1.0,False,0,False,False,False,False,False,False,False,270404,"[0.718, 0.676, 0.65, 0.704, 0.7, 0.714, 0.67, 0.646, 0.72, 0.73]"
5000,0.1,"[[0, 1, 2, 3]]",True,0.7666666666666666,"median",0.0,1.0,False,0,False,False,False,False,False,False,False,270404,"[0.698, 0.674, 0.66, 0.704, 0.696, 0.704, 0.654, 0.644, 0.722, 0.716]"
5000,0.1,"[[0, 1, 2, 3]]",True,0.9,"mean",0.0,1.0,False,0,False,False,False,False,False,False,False,270404,"[0.718, 0.676, 0.65, 0.704, 0.7, 0.714, 0.67, 0.646, 0.72, 0.73]"
5000,0.1,"[[0, 1, 2, 3]]",True,0.9,"median",0.0,1.0,False,0,False,False,False,False,False,False,False,270404,"[0.698, 0.674, 0.66, 0.704, 0.696, 0.704, 0.654, 0.644, 0.722, 0.716]"
5000,1.0,"[[0, 1, 2, 3]]",True,0.5,"mean",0.0,1.0,False,0,False,False,False,False,False,False,False,270404,"[0.636, 0.622, 0.604, 0.64, 0.676, 0.674, 0.638, 0.62, 0.704, 0.688]"
5000,1.0,"[[0, 1, 2, 3]]",True,0.5,"median",0.0,1.0,False,0,False,False,False,False,False,False,False,270404,"[0.652, 0.648, 0.608, 0.614, 0.67, 0.67, 0.606, 0.64, 0.628, 0.692]"
5000,1.0,"[[0, 1, 2, 3]]",True,0.6333333333333333,"mean",0.0,1.0,False,0,False,False,False,False,False,False,False,270404,"[0.636, 0.622, 0.604, 0.64, 0.676, 0.674, 0.638, 0.62, 0.704, 0.688]"
5000,1.0,"[[0, 1, 2, 3]]",True,0.6333333333333333,"median",0.0,1.0,False,0,False,False,False,False,False,False,False,270404,"[0.652, 0.648, 0.608, 0.614, 0.67, 0.67, 0.606, 0.64, 0.628, 0.692]"
5000,1.0,"[[0, 1, 2, 3]]",True,0.7666666666666666,"mean",0.0,1.0,False,0,False,False,False,False,False,False,False,270404,"[0.666, 0.622, 0.65, 0.632, 0.652, 0.646, 0.588, 0.566, 0.642, 0.676]"
5000,1.0,"[[0, 1, 2, 3]]",True,0.7666666666666666,"median",0.0,1.0,False,0,False,False,False,False,False,False,False,270404,"[0.686, 0.646, 0.6, 0.658, 0.65, 0.614, 0.574, 0.592, 0.644, 0.702]"
5000,1.0,"[[0, 1, 2, 3]]",True,0.9,"mean",0.0,1.0,False,0,False,False,False,False,False,False,False,270404,"[0.666, 0.622, 0.65, 0.632, 0.652, 0.646, 0.588, 0.566, 0.642, 0.676]"
5000,1.0,"[[0, 1, 2, 3]]",True,0.9,"median",0.0,1.0,False,0,False,False,False,False,False,False,False,270404,"[0.686, 0.646, 0.6, 0.658, 0.65, 0.614, 0.574, 0.592, 0.644, 0.702]"
