"max_iters","gamma","categorical_subsets","standardize","nan_threshold_percentage","nan_replacement_type","extrema_clip_percentage","non_informative_threshold","feature_augmentation","poly_max_degree","ihs","sine","sinh","cosine","cosh","exp","abs","seed","test_accuracies"
0,0.0001,"[[0, 1, 2, 3]]",True,0.5,"mean",0.0,1.0,False,0,False,False,False,False,False,False,False,270404,"[0.646, 0.662, 0.702, 0.674, 0.678, 0.654, 0.644, 0.68, 0.674, 0.7]"
0,0.0001,"[[0, 1, 2, 3]]",True,0.5,"median",0.0,1.0,False,0,False,False,False,False,False,False,False,270404,"[0.646, 0.662, 0.702, 0.674, 0.678, 0.654, 0.644, 0.68, 0.674, 0.7]"
0,0.0001,"[[0, 1, 2, 3]]",True,0.6333333333333333,"mean",0.0,1.0,False,0,False,False,False,False,False,False,False,270404,"[0.646, 0.662, 0.702, 0.674, 0.678, 0.654, 0.644, 0.68, 0.674, 0.7]"
0,0.0001,"[[0, 1, 2, 3]]",True,0.6333333333333333,"median",0.0,1.0,False,0,False,False,False,False,False,False,False,270404,"[0.646, 0.662, 0.702, 0.674, 0.678, 0.654, 0.644, 0.68, 0.674, 0.7]"
0,0.0001,"[[0, 1, 2, 3]]",True,0.7666666666666666,"mean",0.0,1.0,False,0,False,False,False,False,False,False,False,270404,"[0.646, 0.662, 0.702, 0.674, 0.678, 0.654, 0.644, 0.68, 0.674, 0.7]"
0,0.0001,"[[0, 1, 2, 3]]",True,0.7666666666666666,"median",0.0,1.0,False,0,False,False,False,False,False,False,False,270404,"[0.646, 0.662, 0.702, 0.674, 0.678, 0.654, 0.644, 0.68, 0.674, 0.7]"
0,0.0001,"[[0, 1, 2, 3]]",True,0.9,"mean",0.0,1.0,False,0,False,False,False,False,False,False,False,270404,"[0.646, 0.662, 0.702, 0.674, 0.678, 0.654, 0.644, 0.68, 0.674, 0.7]"
0,0.0001,"[[0, 1, 2, 3]]",True,0.9,"median",0.0,1.0,False,0,False,False,False,False,False,False,False,270404,"[0.646, 0.662, 0.702, 0.674, 0.678, 0.654, 0.644, 0.68, 0.674, 0.7]"
0,0.001,"[[0, 1, 2, 3]]",True,0.5,"mean",0.0,1.0,False,0,False,False,False,False,False,False,False,270404,"[0.646, 0.662, 0.702, 0.674, 0.678, 0.654, 0.644, 0.68, 0.674, 0.7]"
0,0.001,"[[0, 1, 2, 3]]",True,0.5,"median",0.0,1.0,False,0,False,False,False,False,False,False,False,270404,"[0.646, 0.662, 0.702, 0.674, 0.678, 0.654, 0.644, 0.68, 0.674, 0.7]"
0,0.001,"[[0, 1, 2, 3]]",True,0.6333333333333333,"mean",0.0,1.0,False,0,False,False,False,False,False,False,False,270404,"[0.646, 0.662, 0.702, 0.674, 0.678, 0.654, 0.644, 0.68, 0.674, 0.7]"
0,0.001,"[[0, 1, 2, 3]]",True,0.6333333333333333,"median",0.0,1.0,False,0,False,False,False,False,False,False,False,270404,"[0.646, 0.662, 0.702, 0.674, 0.678, 0.654, 0.644, 0.68, 0.674, 0.7]"
0,0.001,"[[0, 1, 2, 3]]",True,0.7666666666666666,"mean",0.0,1.0,False,0,False,False,False,False,False,False,False,270404,"[0.646, 0.662, 0.702, 0.674, 0.678, 0.654, 0.644, 0.68, 0.674, 0.7]"
0,0.001,"[[0, 1, 2, 3]]",True,0.7666666666666666,"median",0.0,1.0,False,0,False,False,False,False,False,False,False,270404,"[0.646, 0.662, 0.702, 0.674, 0.678, 0.654, 0.644, 0.68, 0.674, 0.7]"
0,0.001,"[[0, 1, 2, 3]]",True,0.9,"mean",0.0,1.0,False,0,False,False,False,False,False,False,False,270404,"[0.646, 0.662, 0.702, 0.674, 0.678, 0.654, 0.644, 0.68, 0.674, 0.7]"
0,0.001,"[[0, 1, 2, 3]]",True,0.9,"median",0.0,1.0,False,0,False,False,False,False,False,False,False,270404,"[0.646, 0.662, 0.702, 0.674, 0.678, 0.654, 0.644, 0.68, 0.674, 0.7]"
0,0.01,"[[0, 1, 2, 3]]",True,0.5,"mean",0.0,1.0,False,0,False,False,False,False,False,False,False,270404,"[0.646, 0.662, 0.702, 0.674, 0.678, 0.654, 0.644, 0.68, 0.674, 0.7]"
0,0.01,"[[0, 1, 2, 3]]",True,0.5,"median",0.0,1.0,False,0,False,False,False,False,False,False,False,270404,"[0.646, 0.662, 0.702, 0.674, 0.678, 0.654, 0.644, 0.68, 0.674, 0.7]"
0,0.01,"[[0, 1, 2, 3]]",True,0.6333333333333333,"mean",0.0,1.0,False,0,False,False,False,False,False,False,False,270404,"[0.646, 0.662, 0.702, 0.674, 0.678, 0.654, 0.644, 0.68, 0.674, 0.7]"
0,0.01,"[[0, 1, 2, 3]]",True,0.6333333333333333,"median",0.0,1.0,False,0,False,False,False,False,False,False,False,270404,"[0.646, 0.662, 0.702, 0.674, 0.678, 0.654, 0.644, 0.68, 0.674, 0.7]"
0,0.01,"[[0, 1, 2, 3]]",True,0.7666666666666666,"mean",0.0,1.0,False,0,False,False,False,False,False,False,False,270404,"[0.646, 0.662, 0.702, 0.674, 0.678, 0.654, 0.644, 0.68, 0.674, 0.7]"
0,0.01,"[[0, 1, 2, 3]]",True,0.7666666666666666,"median",0.0,1.0,False,0,False,False,False,False,False,False,False,270404,"[0.646, 0.662, 0.702, 0.674, 0.678, 0.654, 0.644, 0.68, 0.674, 0.7]"
0,0.01,"[[0, 1, 2, 3]]",True,0.9,"mean",0.0,1.0,False,0,False,False,False,False,False,False,False,270404,"[0.646, 0.662, 0.702, 0.674, 0.678, 0.654, 0.644, 0.68, 0.674, 0.7]"
0,0.01,"[[0, 1, 2, 3]]",True,0.9,"median",0.0,1.0,False,0,False,False,False,False,False,False,False,270404,"[0.646, 0.662, 0.702, 0.674, 0.678, 0.654, 0.644, 0.68, 0.674, 0.7]"
0,0.1,"[[0, 1, 2, 3]]",True,0.5,"mean",0.0,1.0,False,0,False,False,False,False,False,False,False,270404,"[0.646, 0.662, 0.702, 0.674, 0.678, 0.654, 0.644, 0.68, 0.674, 0.7]"
0,0.1,"[[0, 1, 2, 3]]",True,0.5,"median",0.0,1.0,False,0,False,False,False,False,False,False,False,270404,"[0.646, 0.662, 0.702, 0.674, 0.678, 0.654, 0.644, 0.68, 0.674, 0.7]"
0,0.1,"[[0, 1, 2, 3]]",True,0.6333333333333333,"mean",0.0,1.0,False,0,False,False,False,False,False,False,False,270404,"[0.646, 0.662, 0.702, 0.674, 0.678, 0.654, 0.644, 0.68, 0.674, 0.7]"
0,0.1,"[[0, 1, 2, 3]]",True,0.6333333333333333,"median",0.0,1.0,False,0,False,False,False,False,False,False,False,270404,"[0.646, 0.662, 0.702, 0.674, 0.678, 0.654, 0.644, 0.68, 0.674, 0.7]"
0,0.1,"[[0, 1, 2, 3]]",True,0.7666666666666666,"mean",0.0,1.0,False,0,False,False,False,False,False,False,False,270404,"[0.646, 0.662, 0.702, 0.674, 0.678, 0.654, 0.644, 0.68, 0.674, 0.7]"
0,0.1,"[[0, 1, 2, 3]]",True,0.7666666666666666,"median",0.0,1.0,False,0,False,False,False,False,False,False,False,270404,"[0.646, 0.662, 0.702, 0.674, 0.678, 0.654, 0.644, 0.68, 0.674, 0.7]"
0,0.1,"[[0, 1, 2, 3]]",True,0.9,"mean",0.0,1.0,False,0,False,False,False,False,False,False,False,270404,"[0.646, 0.662, 0.702, 0.674, 0.678, 0.654, 0.644, 0.68, 0.674, 0.7]"
0,0.1,"[[0, 1, 2, 3]]",True,0.9,"median",0.0,1.0,False,0,False,False,False,False,False,False,False,270404,"[0.646, 0.662, 0.702, 0.674, 0.678, 0.654, 0.644, 0.68, 0.674, 0.7]"
0,1.0,"[[0, 1, 2, 3]]",True,0.5,"mean",0.0,1.0,False,0,False,False,False,False,False,False,False,270404,"[0.646, 0.662, 0.702, 0.674, 0.678, 0.654, 0.644, 0.68, 0.674, 0.7]"
0,1.0,"[[0, 1, 2, 3]]",True,0.5,"median",0.0,1.0,False,0,False,False,False,False,False,False,False,270404,"[0.646, 0.662, 0.702, 0.674, 0.678, 0.654, 0.644, 0.68, 0.674, 0.7]"
0,1.0,"[[0, 1, 2, 3]]",True,0.6333333333333333,"mean",0.0,1.0,False,0,False,False,False,False,False,False,False,270404,"[0.646, 0.662, 0.702, 0.674, 0.678, 0.654, 0.644, 0.68, 0.674, 0.7]"
0,1.0,"[[0, 1, 2, 3]]",True,0.6333333333333333,"median",0.0,1.0,False,0,False,False,False,False,False,False,False,270404,"[0.646, 0.662, 0.702, 0.674, 0.678, 0.654, 0.644, 0.68, 0.674, 0.7]"
0,1.0,"[[0, 1, 2, 3]]",True,0.7666666666666666,"mean",0.0,1.0,False,0,False,False,False,False,False,False,False,270404,"[0.646, 0.662, 0.702, 0.674, 0.678, 0.654, 0.644, 0.68, 0.674, 0.7]"
0,1.0,"[[0, 1, 2, 3]]",True,0.7666666666666666,"median",0.0,1.0,False,0,False,False,False,False,False,False,False,270404,"[0.646, 0.662, 0.702, 0.674, 0.678, 0.654, 0.644, 0.68, 0.674, 0.7]"
0,1.0,"[[0, 1, 2, 3]]",True,0.9,"mean",0.0,1.0,False,0,False,False,False,False,False,False,False,270404,"[0.646, 0.662, 0.702, 0.674, 0.678, 0.654, 0.644, 0.68, 0.674, 0.7]"
0,1.0,"[[0, 1, 2, 3]]",True,0.9,"median",0.0,1.0,False,0,False,False,False,False,False,False,False,270404,"[0.646, 0.662, 0.702, 0.674, 0.678, 0.654, 0.644, 0.68, 0.674, 0.7]"
200,0.0001,"[[0, 1, 2, 3]]",True,0.5,"mean",0.0,1.0,False,0,False,False,False,False,False,False,False,270404,"[0.646, 0.662, 0.702, 0.674, 0.678, 0.654, 0.644, 0.68, 0.674, 0.7]"
200,0.0001,"[[0, 1, 2, 3]]",True,0.5,"median",0.0,1.0,False,0,False,False,False,False,False,False,False,270404,"[0.646, 0.662, 0.702, 0.674, 0.678, 0.654, 0.644, 0.68, 0.674, 0.7]"
200,0.0001,"[[0, 1, 2, 3]]",True,0.6333333333333333,"mean",0.0,1.0,False,0,False,False,False,False,False,False,False,270404,"[0.646, 0.662, 0.702, 0.674, 0.678, 0.654, 0.644, 0.68, 0.674, 0.7]"
200,0.0001,"[[0, 1, 2, 3]]",True,0.6333333333333333,"median",0.0,1.0,False,0,False,False,False,False,False,False,False,270404,"[0.646, 0.662, 0.702, 0.674, 0.678, 0.654, 0.644, 0.68, 0.674, 0.7]"
200,0.0001,"[[0, 1, 2, 3]]",True,0.7666666666666666,"mean",0.0,1.0,False,0,False,False,False,False,False,False,False,270404,"[0.646, 0.662, 0.702, 0.674, 0.678, 0.654, 0.644, 0.68, 0.674, 0.7]"
200,0.0001,"[[0, 1, 2, 3]]",True,0.7666666666666666,"median",0.0,1.0,False,0,False,False,False,False,False,False,False,270404,"[0.646, 0.662, 0.702, 0.674, 0.678, 0.654, 0.644, 0.68, 0.674, 0.7]"
200,0.0001,"[[0, 1, 2, 3]]",True,0.9,"mean",0.0,1.0,False,0,False,False,False,False,False,False,False,270404,"[0.646, 0.662, 0.702, 0.674, 0.678, 0.654, 0.644, 0.68, 0.674, 0.7]"
200,0.0001,"[[0, 1, 2, 3]]",True,0.9,"median",0.0,1.0,False,0,False,False,False,False,False,False,False,270404,"[0.646, 0.662, 0.702, 0.674, 0.678, 0.654, 0.644, 0.68, 0.674, 0.7]"
200,0.001,"[[0, 1, 2, 3]]",True,0.5,"mean",0.0,1.0,False,0,False,False,False,False,False,False,False,270404,"[0.646, 0.664, 0.702, 0.674, 0.678, 0.654, 0.644, 0.68, 0.674, 0.702]"
200,0.001,"[[0, 1, 2, 3]]",True,0.5,"median",0.0,1.0,False,0,False,False,False,False,False,False,False,270404,"[0.646, 0.664, 0.702, 0.674, 0.68, 0.654, 0.644, 0.68, 0.674, 0.702]"
200,0.001,"[[0, 1, 2, 3]]",True,0.6333333333333333,"mean",0.0,1.0,False,0,False,False,False,False,False,False,False,270404,"[0.646, 0.664, 0.702, 0.674, 0.678, 0.654, 0.644, 0.68, 0.674, 0.702]"
200,0.001,"[[0, 1, 2, 3]]",True,0.6333333333333333,"median",0.0,1.0,False,0,False,False,False,False,False,False,False,270404,"[0.646, 0.664, 0.702, 0.674, 0.68, 0.654, 0.644, 0.68, 0.674, 0.702]"
200,0.001,"[[0, 1, 2, 3]]",True,0.7666666666666666,"mean",0.0,1.0,False,0,False,False,False,False,False,False,False,270404,"[0.648, 0.668, 0.702, 0.674, 0.678, 0.656, 0.644, 0.68, 0.672, 0.702]"
200,0.001,"[[0, 1, 2, 3]]",True,0.7666666666666666,"median",0.0,1.0,False,0,False,False,False,False,False,False,False,270404,"[0.648, 0.668, 0.704, 0.674, 0.678, 0.656, 0.644, 0.68, 0.672, 0.702]"
200,0.001,"[[0, 1, 2, 3]]",True,0.9,"mean",0.0,1.0,False,0,False,False,False,False,False,False,False,270404,"[0.648, 0.668, 0.702, 0.674, 0.678, 0.656, 0.644, 0.68, 0.672, 0.702]"
200,0.001,"[[0, 1, 2, 3]]",True,0.9,"median",0.0,1.0,False,0,False,False,False,False,False,False,False,270404,"[0.648, 0.668, 0.704, 0.674, 0.678, 0.656, 0.644, 0.68, 0.672, 0.702]"
200,0.01,"[[0, 1, 2, 3]]",True,0.5,"mean",0.0,1.0,False,0,False,False,False,False,False,False,False,270404,"[0.686, 0.694, 0.708, 0.706, 0.718, 0.69, 0.672, 0.712, 0.692, 0.74]"
200,0.01,"[[0, 1, 2, 3]]",True,0.5,"median",0.0,1.0,False,0,False,False,False,False,False,False,False,270404,"[0.688, 0.688, 0.706, 0.706, 0.716, 0.69, 0.674, 0.714, 0.694, 0.738]"
200,0.01,"[[0, 1, 2, 3]]",True,0.6333333333333333,"mean",0.0,1.0,False,0,False,False,False,False,False,False,False,270404,"[0.686, 0.694, 0.708, 0.706, 0.718, 0.69, 0.672, 0.712, 0.692, 0.74]"
200,0.01,"[[0, 1, 2, 3]]",True,0.6333333333333333,"median",0.0,1.0,False,0,False,False,False,False,False,False,False,270404,"[0.688, 0.688, 0.706, 0.706, 0.716, 0.69, 0.674, 0.714, 0.694, 0.738]"
200,0.01,"[[0, 1, 2, 3]]",True,0.7666666666666666,"mean",0.0,1.0,False,0,False,False,False,False,False,False,False,270404,"[0.704, 0.704, 0.734, 0.748, 0.742, 0.71, 0.67, 0.674, 0.694, 0.718]"
200,0.01,"[[0, 1, 2, 3]]",True,0.7666666666666666,"median",0.0,1.0,False,0,False,False,False,False,False,False,False,270404,"[0.706, 0.704, 0.73, 0.748, 0.74, 0.708, 0.672, 0.688, 0.696, 0.72]"
200,0.01,"[[0, 1, 2, 3]]",True,0.9,"mean",0.0,1.0,False,0,False,False,False,False,False,False,False,270404,"[0.704, 0.704, 0.734, 0.748, 0.742, 0.71, 0.67, 0.674, 0.694, 0.718]"
200,0.01,"[[0, 1, 2, 3]]",True,0.9,"median",0.0,1.0,False,0,False,False,False,False,False,False,False,270404,"[0.706, 0.704, 0.73, 0.748, 0.74, 0.708, 0.672, 0.688, 0.696, 0.72]"
200,0.1,"[[0, 1, 2, 3]]",True,0.5,"mean",0.0,1.0,False,0,False,False,False,False,False,False,False,270404,"[0.534, 0.492, 0.43, 0.592, 0.578, 0.618, 0.592, 0.374, 0.616, 0.654]"
200,0.1,"[[0, 1, 2, 3]]",True,0.5,"median",0.0,1.0,False,0,False,False,False,False,False,False,False,270404,"[0.508, 0.5, 0.442, 0.408, 0.624, 0.596, 0.592, 0.366, 0.618, 0.648]"
200,0.1,"[[0, 1, 2, 3]]",True,0.6333333333333333,"mean",0.0,1.0,False,0,False,False,False,False,False,False,False,270404,"[0.534, 0.492, 0.43, 0.592, 0.578, 0.618, 0.592, 0.374, 0.616, 0.654]"
200,0.1,"[[0, 1, 2, 3]]",True,0.6333333333333333,"median",0.0,1.0,False,0,False,False,False,False,False,False,False,270404,"[0.508, 0.5, 0.442, 0.408, 0.624, 0.596, 0.592, 0.366, 0.618, 0.648]"
200,0.1,"[[0, 1, 2, 3]]",True,0.7666666666666666,"mean",0.0,1.0,False,0,False,False,False,False,False,False,False,270404,"[0.626, 0.486, 0.474, 0.48, 0.642, 0.502, 0.552, 0.668, 0.37, 0.386]"
200,0.1,"[[0, 1, 2, 3]]",True,0.7666666666666666,"median",0.0,1.0,False,0,False,False,False,False,False,False,False,270404,"[0.622, 0.514, 0.476, 0.548, 0.632, 0.492, 0.544, 0.362, 0.382, 0.64]"
200,0.1,"[[0, 1, 2, 3]]",True,0.9,"mean",0.0,1.0,False,0,False,False,False,False,False,False,False,270404,"[0.626, 0.486, 0.474, 0.48, 0.642, 0.502, 0.552, 0.668, 0.37, 0.386]"
200,0.1,"[[0, 1, 2, 3]]",True,0.9,"median",0.0,1.0,False,0,False,False,False,False,False,False,False,270404,"[0.622, 0.514, 0.476, 0.548, 0.632, 0.492, 0.544, 0.362, 0.382, 0.64]"
200,1.0,"[[0, 1, 2, 3]]",True,0.5,"mean",0.0,1.0,False,0,False,False,False,False,False,False,False,270404,"[0.554, 0.466, 0.6, 0.562, 0.49, 0.488, 0.496, 0.396, 0.42, 0.614]"
200,1.0,"[[0, 1, 2, 3]]",True,0.5,"median",0.0,1.0,False,0,False,False,False,False,False,False,False,270404,"[0.552, 0.462, 0.61, 0.424, 0.534, 0.488, 0.488, 0.6, 0.414, 0.384]"
200,1.0,"[[0, 1, 2, 3]]",True,0.6333333333333333,"mean",0.0,1.0,False,0,False,False,False,False,False,False,False,270404,"[0.554, 0.466, 0.6, 0.562, 0.49, 0.488, 0.496, 0.396, 0.42, 0.614]"
200,1.0,"[[0, 1, 2, 3]]",True,0.6333333333333333,"median",0.0,1.0,False,0,False,False,False,False,False,False,False,270404,"[0.552, 0.462, 0.61, 0.424, 0.534, 0.488, 0.488, 0.6, 0.414, 0.384]"
200,1.0,"[[0, 1, 2, 3]]",True,0.7666666666666666,"mean",0.0,1.0,False,0,False,False,False,False,False,False,False,270404,"[0.556, 0.55, 0.394, 0.57, 0.56, 0.468, 0.564, 0.586, 0.542, 0.424]"
200,1.0,"[[0, 1, 2, 3]]",True,0.7666666666666666,"median",0.0,1.0,False,0,False,False,False,False,False,False,False,270404,"[0.574, 0.436, 0.376, 0.588, 0.416, 0.556, 0.536, 0.416, 0.548, 0.426]"
200,1.0,"[[0, 1, 2, 3]]",True,0.9,"mean",0.0,1.0,False,0,False,False,False,False,False,False,False,270404,"[0.556, 0.55, 0.394, 0.57, 0.56, 0.468, 0.564, 0.586, 0.542, 0.424]"
200,1.0,"[[0, 1, 2, 3]]",True,0.9,"median",0.0,1.0,False,0,False,False,False,False,False,False,False,270404,"[0.574, 0.436, 0.376, 0.588, 0.416, 0.556, 0.536, 0.416, 0.548, 0.426]"
400,0.0001,"[[0, 1, 2, 3]]",True,0.5,"mean",0.0,1.0,False,0,False,False,False,False,False,False,False,270404,"[0.646, 0.662, 0.702, 0.674, 0.678, 0.654, 0.644, 0.68, 0.674, 0.7]"
400,0.0001,"[[0, 1, 2, 3]]",True,0.5,"median",0.0,1.0,False,0,False,False,False,False,False,False,False,270404,"[0.646, 0.662, 0.702, 0.674, 0.678, 0.654, 0.644, 0.68, 0.674, 0.7]"
400,0.0001,"[[0, 1, 2, 3]]",True,0.6333333333333333,"mean",0.0,1.0,False,0,False,False,False,False,False,False,False,270404,"[0.646, 0.662, 0.702, 0.674, 0.678, 0.654, 0.644, 0.68, 0.674, 0.7]"
400,0.0001,"[[0, 1, 2, 3]]",True,0.6333333333333333,"median",0.0,1.0,False,0,False,False,False,False,False,False,False,270404,"[0.646, 0.662, 0.702, 0.674, 0.678, 0.654, 0.644, 0.68, 0.674, 0.7]"
400,0.0001,"[[0, 1, 2, 3]]",True,0.7666666666666666,"mean",0.0,1.0,False,0,False,False,False,False,False,False,False,270404,"[0.646, 0.662, 0.702, 0.674, 0.678, 0.654, 0.644, 0.68, 0.674, 0.7]"
400,0.0001,"[[0, 1, 2, 3]]",True,0.7666666666666666,"median",0.0,1.0,False,0,False,False,False,False,False,False,False,270404,"[0.646, 0.662, 0.702, 0.674, 0.678, 0.654, 0.644, 0.68, 0.674, 0.7]"
400,0.0001,"[[0, 1, 2, 3]]",True,0.9,"mean",0.0,1.0,False,0,False,False,False,False,False,False,False,270404,"[0.646, 0.662, 0.702, 0.674, 0.678, 0.654, 0.644, 0.68, 0.674, 0.7]"
400,0.0001,"[[0, 1, 2, 3]]",True,0.9,"median",0.0,1.0,False,0,False,False,False,False,False,False,False,270404,"[0.646, 0.662, 0.702, 0.674, 0.678, 0.654, 0.644, 0.68, 0.674, 0.7]"
400,0.001,"[[0, 1, 2, 3]]",True,0.5,"mean",0.0,1.0,False,0,False,False,False,False,False,False,False,270404,"[0.646, 0.666, 0.704, 0.672, 0.678, 0.66, 0.642, 0.678, 0.666, 0.7]"
400,0.001,"[[0, 1, 2, 3]]",True,0.5,"median",0.0,1.0,False,0,False,False,False,False,False,False,False,270404,"[0.646, 0.666, 0.704, 0.672, 0.678, 0.66, 0.642, 0.678, 0.666, 0.7]"
400,0.001,"[[0, 1, 2, 3]]",True,0.6333333333333333,"mean",0.0,1.0,False,0,False,False,False,False,False,False,False,270404,"[0.646, 0.666, 0.704, 0.672, 0.678, 0.66, 0.642, 0.678, 0.666, 0.7]"
400,0.001,"[[0, 1, 2, 3]]",True,0.6333333333333333,"median",0.0,1.0,False,0,False,False,False,False,False,False,False,270404,"[0.646, 0.666, 0.704, 0.672, 0.678, 0.66, 0.642, 0.678, 0.666, 0.7]"
400,0.001,"[[0, 1, 2, 3]]",True,0.7666666666666666,"mean",0.0,1.0,False,0,False,False,False,False,False,False,False,270404,"[0.65, 0.668, 0.712, 0.682, 0.684, 0.664, 0.656, 0.682, 0.672, 0.7]"
400,0.001,"[[0, 1, 2, 3]]",True,0.7666666666666666,"median",0.0,1.0,False,0,False,False,False,False,False,False,False,270404,"[0.65, 0.668, 0.712, 0.688, 0.684, 0.664, 0.654, 0.682, 0.67, 0.7]"
400,0.001,"[[0, 1, 2, 3]]",True,0.9,"mean",0.0,1.0,False,0,False,False,False,False,False,False,False,270404,"[0.65, 0.668, 0.712, 0.682, 0.684, 0.664, 0.656, 0.682, 0.672, 0.7]"
400,0.001,"[[0, 1, 2, 3]]",True,0.9,"median",0.0,1.0,False,0,False,False,False,False,False,False,False,270404,"[0.65, 0.668, 0.712, 0.688, 0.684, 0.664, 0.654, 0.682, 0.67, 0.7]"
400,0.01,"[[0, 1, 2, 3]]",True,0.5,"mean",0.0,1.0,False,0,False,False,False,False,False,False,False,270404,"[0.708, 0.702, 0.744, 0.732, 0.726, 0.718, 0.684, 0.702, 0.676, 0.716]"
400,0.01,"[[0, 1, 2, 3]]",True,0.5,"median",0.0,1.0,False,0,False,False,False,False,False,False,False,270404,"[0.702, 0.704, 0.746, 0.73, 0.726, 0.716, 0.682, 0.694, 0.678, 0.716]"
400,0.01,"[[0, 1, 2, 3]]",True,0.6333333333333333,"mean",0.0,1.0,False,0,False,False,False,False,False,False,False,270404,"[0.708, 0.702, 0.744, 0.732, 0.726, 0.718, 0.684, 0.702, 0.676, 0.716]"
400,0.01,"[[0, 1, 2, 3]]",True,0.6333333333333333,"median",0.0,1.0,False,0,False,False,False,False,False,False,False,270404,"[0.702, 0.704, 0.746, 0.73, 0.726, 0.716, 0.682, 0.694, 0.678, 0.716]"
400,0.01,"[[0, 1, 2, 3]]",True,0.7666666666666666,"mean",0.0,1.0,False,0,False,False,False,False,False,False,False,270404,"[0.688, 0.676, 0.73, 0.738, 0.75, 0.75, 0.694, 0.708, 0.718, 0.736]"
400,0.01,"[[0, 1, 2, 3]]",True,0.7666666666666666,"median",0.0,1.0,False,0,False,False,False,False,False,False,False,270404,"[0.68, 0.672, 0.736, 0.732, 0.756, 0.746, 0.702, 0.718, 0.704, 0.738]"
400,0.01,"[[0, 1, 2, 3]]",True,0.9,"mean",0.0,1.0,False,0,False,False,False,False,False,False,False,270404,"[0.688, 0.676, 0.73, 0.738, 0.75, 0.75, 0.694, 0.708, 0.718, 0.736]"
400,0.01,"[[0, 1, 2, 3]]",True,0.9,"median",0.0,1.0,False,0,False,False,False,False,False,False,False,270404,"[0.68, 0.672, 0.736, 0.732, 0.756, 0.746, 0.702, 0.718, 0.704, 0.738]"
400,0.1,"[[0, 1, 2, 3]]",True,0.5,"mean",0.0,1.0,False,0,False,False,False,False,False,False,False,270404,"[0.466, 0.468, 0.502, 0.444, 0.524, 0.48, 0.46, 0.62, 0.562, 0.478]"
400,0.1,"[[0, 1, 2, 3]]",True,0.5,"median",0.0,1.0,False,0,False,False,False,False,False,False,False,270404,"[0.484, 0.452, 0.498, 0.44, 0.558, 0.48, 0.454, 0.6, 0.546, 0.372]"
400,0.1,"[[0, 1, 2, 3]]",True,0.6333333333333333,"mean",0.0,1.0,False,0,False,False,False,False,False,False,False,270404,"[0.466, 0.468, 0.502, 0.444, 0.524, 0.48, 0.46, 0.62, 0.562, 0.478]"
400,0.1,"[[0, 1, 2, 3]]",True,0.6333333333333333,"median",0.0,1.0,False,0,False,False,False,False,False,False,False,270404,"[0.484, 0.452, 0.498, 0.44, 0.558, 0.48, 0.454, 0.6, 0.546, 0.372]"
400,0.1,"[[0, 1, 2, 3]]",True,0.7666666666666666,"mean",0.0,1.0,False,0,False,False,False,False,False,False,False,270404,"[0.502, 0.514, 0.454, 0.534, 0.44, 0.588, 0.486, 0.544, 0.45, 0.544]"
400,0.1,"[[0, 1, 2, 3]]",True,0.7666666666666666,"median",0.0,1.0,False,0,False,False,False,False,False,False,False,270404,"[0.52, 0.476, 0.442, 0.548, 0.464, 0.438, 0.516, 0.576, 0.53, 0.542]"
400,0.1,"[[0, 1, 2, 3]]",True,0.9,"mean",0.0,1.0,False,0,False,False,False,False,False,False,False,270404,"[0.502, 0.514, 0.454, 0.534, 0.44, 0.588, 0.486, 0.544, 0.45, 0.544]"
400,0.1,"[[0, 1, 2, 3]]",True,0.9,"median",0.0,1.0,False,0,False,False,False,False,False,False,False,270404,"[0.52, 0.476, 0.442, 0.548, 0.464, 0.438, 0.516, 0.576, 0.53, 0.542]"
400,1.0,"[[0, 1, 2, 3]]",True,0.5,"mean",0.0,1.0,False,0,False,False,False,False,False,False,False,270404,"[0.42, 0.462, 0.654, 0.346, 0.316, 0.364, 0.604, 0.65, 0.612, 0.338]"
400,1.0,"[[0, 1, 2, 3]]",True,0.5,"median",0.0,1.0,False,0,False,False,False,False,False,False,False,270404,"[0.416, 0.554, 0.654, 0.652, 0.684, 0.362, 0.61, 0.35, 0.636, 0.336]"
400,1.0,"[[0, 1, 2, 3]]",True,0.6333333333333333,"mean",0.0,1.0,False,0,False,False,False,False,False,False,False,270404,"[0.42, 0.462, 0.654, 0.346, 0.316, 0.364, 0.604, 0.65, 0.612, 0.338]"
400,1.0,"[[0, 1, 2, 3]]",True,0.6333333333333333,"median",0.0,1.0,False,0,False,False,False,False,False,False,False,270404,"[0.416, 0.554, 0.654, 0.652, 0.684, 0.362, 0.61, 0.35, 0.636, 0.336]"
400,1.0,"[[0, 1, 2, 3]]",True,0.7666666666666666,"mean",0.0,1.0,False,0,False,False,False,False,False,False,False,270404,"[0.58, 0.462, 0.654, 0.654, 0.684, 0.636, 0.396, 0.65, 0.652, 0.662]"
400,1.0,"[[0, 1, 2, 3]]",True,0.7666666666666666,"median",0.0,1.0,False,0,False,False,False,False,False,False,False,270404,"[0.41, 0.558, 0.65, 0.654, 0.682, 0.638, 0.394, 0.646, 0.63, 0.338]"
400,1.0,"[[0, 1, 2, 3]]",True,0.9,"mean",0.0,1.0,False,0,False,False,False,False,False,False,False,270404,"[0.58, 0.462, 0.654, 0.654, 0.684, 0.636, 0.396, 0.65, 0.652, 0.662]"
400,1.0,"[[0, 1, 2, 3]]",True,0.9,"median",0.0,1.0,False,0,False,False,False,False,False,False,False,270404,"[0.41, 0.558, 0.65, 0.654, 0.682, 0.638, 0.394, 0.646, 0.63, 0.338]"
600,0.0001,"[[0, 1, 2, 3]]",True,0.5,"mean",0.0,1.0,False,0,False,False,False,False,False,False,False,270404,"[0.646, 0.662, 0.702, 0.674, 0.678, 0.654, 0.644, 0.68, 0.674, 0.7]"
600,0.0001,"[[0, 1, 2, 3]]",True,0.5,"median",0.0,1.0,False,0,False,False,False,False,False,False,False,270404,"[0.646, 0.662, 0.702, 0.674, 0.678, 0.654, 0.644, 0.68, 0.674, 0.7]"
600,0.0001,"[[0, 1, 2, 3]]",True,0.6333333333333333,"mean",0.0,1.0,False,0,False,False,False,False,False,False,False,270404,"[0.646, 0.662, 0.702, 0.674, 0.678, 0.654, 0.644, 0.68, 0.674, 0.7]"
600,0.0001,"[[0, 1, 2, 3]]",True,0.6333333333333333,"median",0.0,1.0,False,0,False,False,False,False,False,False,False,270404,"[0.646, 0.662, 0.702, 0.674, 0.678, 0.654, 0.644, 0.68, 0.674, 0.7]"
600,0.0001,"[[0, 1, 2, 3]]",True,0.7666666666666666,"mean",0.0,1.0,False,0,False,False,False,False,False,False,False,270404,"[0.646, 0.662, 0.702, 0.674, 0.678, 0.654, 0.644, 0.68, 0.674, 0.7]"
600,0.0001,"[[0, 1, 2, 3]]",True,0.7666666666666666,"median",0.0,1.0,False,0,False,False,False,False,False,False,False,270404,"[0.646, 0.662, 0.702, 0.674, 0.678, 0.654, 0.644, 0.68, 0.674, 0.7]"
600,0.0001,"[[0, 1, 2, 3]]",True,0.9,"mean",0.0,1.0,False,0,False,False,False,False,False,False,False,270404,"[0.646, 0.662, 0.702, 0.674, 0.678, 0.654, 0.644, 0.68, 0.674, 0.7]"
600,0.0001,"[[0, 1, 2, 3]]",True,0.9,"median",0.0,1.0,False,0,False,False,False,False,False,False,False,270404,"[0.646, 0.662, 0.702, 0.674, 0.678, 0.654, 0.644, 0.68, 0.674, 0.7]"
600,0.001,"[[0, 1, 2, 3]]",True,0.5,"mean",0.0,1.0,False,0,False,False,False,False,False,False,False,270404,"[0.648, 0.668, 0.714, 0.67, 0.676, 0.664, 0.652, 0.686, 0.66, 0.696]"
600,0.001,"[[0, 1, 2, 3]]",True,0.5,"median",0.0,1.0,False,0,False,False,False,False,False,False,False,270404,"[0.648, 0.668, 0.714, 0.67, 0.676, 0.664, 0.652, 0.686, 0.66, 0.696]"
600,0.001,"[[0, 1, 2, 3]]",True,0.6333333333333333,"mean",0.0,1.0,False,0,False,False,False,False,False,False,False,270404,"[0.648, 0.668, 0.714, 0.67, 0.676, 0.664, 0.652, 0.686, 0.66, 0.696]"
600,0.001,"[[0, 1, 2, 3]]",True,0.6333333333333333,"median",0.0,1.0,False,0,False,False,False,False,False,False,False,270404,"[0.648, 0.668, 0.714, 0.67, 0.676, 0.664, 0.652, 0.686, 0.66, 0.696]"
600,0.001,"[[0, 1, 2, 3]]",True,0.7666666666666666,"mean",0.0,1.0,False,0,False,False,False,False,False,False,False,270404,"[0.664, 0.686, 0.714, 0.698, 0.698, 0.676, 0.672, 0.704, 0.666, 0.714]"
600,0.001,"[[0, 1, 2, 3]]",True,0.7666666666666666,"median",0.0,1.0,False,0,False,False,False,False,False,False,False,270404,"[0.664, 0.686, 0.714, 0.7, 0.698, 0.678, 0.67, 0.704, 0.668, 0.714]"
600,0.001,"[[0, 1, 2, 3]]",True,0.9,"mean",0.0,1.0,False,0,False,False,False,False,False,False,False,270404,"[0.664, 0.686, 0.714, 0.698, 0.698, 0.676, 0.672, 0.704, 0.666, 0.714]"
600,0.001,"[[0, 1, 2, 3]]",True,0.9,"median",0.0,1.0,False,0,False,False,False,False,False,False,False,270404,"[0.664, 0.686, 0.714, 0.7, 0.698, 0.678, 0.67, 0.704, 0.668, 0.714]"
600,0.01,"[[0, 1, 2, 3]]",True,0.5,"mean",0.0,1.0,False,0,False,False,False,False,False,False,False,270404,"[0.712, 0.676, 0.728, 0.704, 0.718, 0.734, 0.686, 0.684, 0.744, 0.726]"
600,0.01,"[[0, 1, 2, 3]]",True,0.5,"median",0.0,1.0,False,0,False,False,False,False,False,False,False,270404,"[0.712, 0.676, 0.728, 0.698, 0.728, 0.738, 0.692, 0.684, 0.74, 0.72]"
600,0.01,"[[0, 1, 2, 3]]",True,0.6333333333333333,"mean",0.0,1.0,False,0,False,False,False,False,False,False,False,270404,"[0.712, 0.676, 0.728, 0.704, 0.718, 0.734, 0.686, 0.684, 0.744, 0.726]"
600,0.01,"[[0, 1, 2, 3]]",True,0.6333333333333333,"median",0.0,1.0,False,0,False,False,False,False,False,False,False,270404,"[0.712, 0.676, 0.728, 0.698, 0.728, 0.738, 0.692, 0.684, 0.74, 0.72]"
600,0.01,"[[0, 1, 2, 3]]",True,0.7666666666666666,"mean",0.0,1.0,False,0,False,False,False,False,False,False,False,270404,"[0.734, 0.708, 0.752, 0.732, 0.754, 0.736, 0.716, 0.7, 0.73, 0.758]"
600,0.01,"[[0, 1, 2, 3]]",True,0.7666666666666666,"median",0.0,1.0,False,0,False,False,False,False,False,False,False,270404,"[0.724, 0.712, 0.756, 0.734, 0.756, 0.734, 0.716, 0.702, 0.736, 0.77]"
600,0.01,"[[0, 1, 2, 3]]",True,0.9,"mean",0.0,1.0,False,0,False,False,False,False,False,False,False,270404,"[0.734, 0.708, 0.752, 0.732, 0.754, 0.736, 0.716, 0.7, 0.73, 0.758]"
600,0.01,"[[0, 1, 2, 3]]",True,0.9,"median",0.0,1.0,False,0,False,False,False,False,False,False,False,270404,"[0.724, 0.712, 0.756, 0.734, 0.756, 0.734, 0.716, 0.702, 0.736, 0.77]"
600,0.1,"[[0, 1, 2, 3]]",True,0.5,"mean",0.0,1.0,False,0,False,False,False,False,False,False,False,270404,"[0.594, 0.41, 0.6, 0.506, 0.56, 0.602, 0.574, 0.462, 0.554, 0.564]"
600,0.1,"[[0, 1, 2, 3]]",True,0.5,"median",0.0,1.0,False,0,False,False,False,False,False,False,False,270404,"[0.592, 0.396, 0.6, 0.506, 0.564, 0.612, 0.562, 0.45, 0.444, 0.556]"
600,0.1,"[[0, 1, 2, 3]]",True,0.6333333333333333,"mean",0.0,1.0,False,0,False,False,False,False,False,False,False,270404,"[0.594, 0.41, 0.6, 0.506, 0.56, 0.602, 0.574, 0.462, 0.554, 0.564]"
600,0.1,"[[0, 1, 2, 3]]",True,0.6333333333333333,"median",0.0,1.0,False,0,False,False,False,False,False,False,False,270404,"[0.592, 0.396, 0.6, 0.506, 0.564, 0.612, 0.562, 0.45, 0.444, 0.556]"
600,0.1,"[[0, 1, 2, 3]]",True,0.7666666666666666,"mean",0.0,1.0,False,0,False,False,False,False,False,False,False,270404,"[0.572, 0.486, 0.584, 0.414, 0.362, 0.588, 0.444, 0.392, 0.404, 0.5]"
600,0.1,"[[0, 1, 2, 3]]",True,0.7666666666666666,"median",0.0,1.0,False,0,False,False,False,False,False,False,False,270404,"[0.428, 0.486, 0.54, 0.47, 0.35, 0.596, 0.454, 0.628, 0.616, 0.508]"
600,0.1,"[[0, 1, 2, 3]]",True,0.9,"mean",0.0,1.0,False,0,False,False,False,False,False,False,False,270404,"[0.572, 0.486, 0.584, 0.414, 0.362, 0.588, 0.444, 0.392, 0.404, 0.5]"
600,0.1,"[[0, 1, 2, 3]]",True,0.9,"median",0.0,1.0,False,0,False,False,False,False,False,False,False,270404,"[0.428, 0.486, 0.54, 0.47, 0.35, 0.596, 0.454, 0.628, 0.616, 0.508]"
600,1.0,"[[0, 1, 2, 3]]",True,0.5,"mean",0.0,1.0,False,0,False,False,False,False,False,False,False,270404,"[0.646, 0.662, 0.702, 0.674, 0.678, 0.654, 0.644, 0.68, 0.674, 0.7]"
600,1.0,"[[0, 1, 2, 3]]",True,0.5,"median",0.0,1.0,False,0,False,False,False,False,False,False,False,270404,"[0.646, 0.662, 0.702, 0.674, 0.678, 0.654, 0.644, 0.68, 0.674, 0.7]"
600,1.0,"[[0, 1, 2, 3]]",True,0.6333333333333333,"mean",0.0,1.0,False,0,False,False,False,False,False,False,False,270404,"[0.646, 0.662, 0.702, 0.674, 0.678, 0.654, 0.644, 0.68, 0.674, 0.7]"
600,1.0,"[[0, 1, 2, 3]]",True,0.6333333333333333,"median",0.0,1.0,False,0,False,False,False,False,False,False,False,270404,"[0.646, 0.662, 0.702, 0.674, 0.678, 0.654, 0.644, 0.68, 0.674, 0.7]"
600,1.0,"[[0, 1, 2, 3]]",True,0.7666666666666666,"mean",0.0,1.0,False,0,False,False,False,False,False,False,False,270404,"[0.646, 0.662, 0.702, 0.674, 0.678, 0.654, 0.644, 0.68, 0.674, 0.7]"
600,1.0,"[[0, 1, 2, 3]]",True,0.7666666666666666,"median",0.0,1.0,False,0,False,False,False,False,False,False,False,270404,"[0.646, 0.662, 0.702, 0.674, 0.678, 0.654, 0.644, 0.68, 0.674, 0.7]"
600,1.0,"[[0, 1, 2, 3]]",True,0.9,"mean",0.0,1.0,False,0,False,False,False,False,False,False,False,270404,"[0.646, 0.662, 0.702, 0.674, 0.678, 0.654, 0.644, 0.68, 0.674, 0.7]"
600,1.0,"[[0, 1, 2, 3]]",True,0.9,"median",0.0,1.0,False,0,False,False,False,False,False,False,False,270404,"[0.646, 0.662, 0.702, 0.674, 0.678, 0.654, 0.644, 0.68, 0.674, 0.7]"
800,0.0001,"[[0, 1, 2, 3]]",True,0.5,"mean",0.0,1.0,False,0,False,False,False,False,False,False,False,270404,"[0.646, 0.662, 0.702, 0.674, 0.678, 0.654, 0.644, 0.68, 0.674, 0.7]"
800,0.0001,"[[0, 1, 2, 3]]",True,0.5,"median",0.0,1.0,False,0,False,False,False,False,False,False,False,270404,"[0.646, 0.662, 0.702, 0.674, 0.678, 0.654, 0.644, 0.68, 0.674, 0.7]"
800,0.0001,"[[0, 1, 2, 3]]",True,0.6333333333333333,"mean",0.0,1.0,False,0,False,False,False,False,False,False,False,270404,"[0.646, 0.662, 0.702, 0.674, 0.678, 0.654, 0.644, 0.68, 0.674, 0.7]"
800,0.0001,"[[0, 1, 2, 3]]",True,0.6333333333333333,"median",0.0,1.0,False,0,False,False,False,False,False,False,False,270404,"[0.646, 0.662, 0.702, 0.674, 0.678, 0.654, 0.644, 0.68, 0.674, 0.7]"
800,0.0001,"[[0, 1, 2, 3]]",True,0.7666666666666666,"mean",0.0,1.0,False,0,False,False,False,False,False,False,False,270404,"[0.646, 0.662, 0.702, 0.674, 0.678, 0.654, 0.644, 0.68, 0.674, 0.7]"
800,0.0001,"[[0, 1, 2, 3]]",True,0.7666666666666666,"median",0.0,1.0,False,0,False,False,False,False,False,False,False,270404,"[0.646, 0.662, 0.702, 0.674, 0.678, 0.654, 0.644, 0.68, 0.674, 0.7]"
800,0.0001,"[[0, 1, 2, 3]]",True,0.9,"mean",0.0,1.0,False,0,False,False,False,False,False,False,False,270404,"[0.646, 0.662, 0.702, 0.674, 0.678, 0.654, 0.644, 0.68, 0.674, 0.7]"
800,0.0001,"[[0, 1, 2, 3]]",True,0.9,"median",0.0,1.0,False,0,False,False,False,False,False,False,False,270404,"[0.646, 0.662, 0.702, 0.674, 0.678, 0.654, 0.644, 0.68, 0.674, 0.7]"
800,0.001,"[[0, 1, 2, 3]]",True,0.5,"mean",0.0,1.0,False,0,False,False,False,False,False,False,False,270404,"[0.654, 0.67, 0.706, 0.678, 0.686, 0.668, 0.654, 0.688, 0.666, 0.704]"
800,0.001,"[[0, 1, 2, 3]]",True,0.5,"median",0.0,1.0,False,0,False,False,False,False,False,False,False,270404,"[0.654, 0.67, 0.706, 0.678, 0.686, 0.668, 0.654, 0.69, 0.666, 0.704]"
800,0.001,"[[0, 1, 2, 3]]",True,0.6333333333333333,"mean",0.0,1.0,False,0,False,False,False,False,False,False,False,270404,"[0.654, 0.67, 0.706, 0.678, 0.686, 0.668, 0.654, 0.688, 0.666, 0.704]"
800,0.001,"[[0, 1, 2, 3]]",True,0.6333333333333333,"median",0.0,1.0,False,0,False,False,False,False,False,False,False,270404,"[0.654, 0.67, 0.706, 0.678, 0.686, 0.668, 0.654, 0.69, 0.666, 0.704]"
800,0.001,"[[0, 1, 2, 3]]",True,0.7666666666666666,"mean",0.0,1.0,False,0,False,False,False,False,False,False,False,270404,"[0.668, 0.69, 0.724, 0.696, 0.696, 0.674, 0.67, 0.694, 0.68, 0.726]"
800,0.001,"[[0, 1, 2, 3]]",True,0.7666666666666666,"median",0.0,1.0,False,0,False,False,False,False,False,False,False,270404,"[0.668, 0.688, 0.724, 0.696, 0.698, 0.678, 0.668, 0.698, 0.682, 0.726]"
800,0.001,"[[0, 1, 2, 3]]",True,0.9,"mean",0.0,1.0,False,0,False,False,False,False,False,False,False,270404,"[0.668, 0.69, 0.724, 0.696, 0.696, 0.674, 0.67, 0.694, 0.68, 0.726]"
800,0.001,"[[0, 1, 2, 3]]",True,0.9,"median",0.0,1.0,False,0,False,False,False,False,False,False,False,270404,"[0.668, 0.688, 0.724, 0.696, 0.698, 0.678, 0.668, 0.698, 0.682, 0.726]"
800,0.01,"[[0, 1, 2, 3]]",True,0.5,"mean",0.0,1.0,False,0,False,False,False,False,False,False,False,270404,"[0.676, 0.664, 0.692, 0.674, 0.762, 0.668, 0.654, 0.644, 0.708, 0.666]"
800,0.01,"[[0, 1, 2, 3]]",True,0.5,"median",0.0,1.0,False,0,False,False,False,False,False,False,False,270404,"[0.674, 0.664, 0.698, 0.68, 0.764, 0.668, 0.652, 0.638, 0.706, 0.666]"
800,0.01,"[[0, 1, 2, 3]]",True,0.6333333333333333,"mean",0.0,1.0,False,0,False,False,False,False,False,False,False,270404,"[0.676, 0.664, 0.692, 0.674, 0.762, 0.668, 0.654, 0.644, 0.708, 0.666]"
800,0.01,"[[0, 1, 2, 3]]",True,0.6333333333333333,"median",0.0,1.0,False,0,False,False,False,False,False,False,False,270404,"[0.674, 0.664, 0.698, 0.68, 0.764, 0.668, 0.652, 0.638, 0.706, 0.666]"
800,0.01,"[[0, 1, 2, 3]]",True,0.7666666666666666,"mean",0.0,1.0,False,0,False,False,False,False,False,False,False,270404,"[0.69, 0.672, 0.676, 0.67, 0.758, 0.662, 0.646, 0.672, 0.718, 0.716]"
800,0.01,"[[0, 1, 2, 3]]",True,0.7666666666666666,"median",0.0,1.0,False,0,False,False,False,False,False,False,False,270404,"[0.684, 0.676, 0.674, 0.674, 0.762, 0.678, 0.648, 0.642, 0.716, 0.716]"
800,0.01,"[[0, 1, 2, 3]]",True,0.9,"mean",0.0,1.0,False,0,False,False,False,False,False,False,False,270404,"[0.69, 0.672, 0.676, 0.67, 0.758, 0.662, 0.646, 0.672, 0.718, 0.716]"
800,0.01,"[[0, 1, 2, 3]]",True,0.9,"median",0.0,1.0,False,0,False,False,False,False,False,False,False,270404,"[0.684, 0.676, 0.674, 0.674, 0.762, 0.678, 0.648, 0.642, 0.716, 0.716]"
800,0.1,"[[0, 1, 2, 3]]",True,0.5,"mean",0.0,1.0,False,0,False,False,False,False,False,False,False,270404,"[0.482, 0.404, 0.44, 0.47, 0.52, 0.458, 0.488, 0.494, 0.528, 0.382]"
800,0.1,"[[0, 1, 2, 3]]",True,0.5,"median",0.0,1.0,False,0,False,False,False,False,False,False,False,270404,"[0.49, 0.304, 0.438, 0.478, 0.484, 0.468, 0.494, 0.48, 0.492, 0.484]"
800,0.1,"[[0, 1, 2, 3]]",True,0.6333333333333333,"mean",0.0,1.0,False,0,False,False,False,False,False,False,False,270404,"[0.482, 0.404, 0.44, 0.47, 0.52, 0.458, 0.488, 0.494, 0.528, 0.382]"
800,0.1,"[[0, 1, 2, 3]]",True,0.6333333333333333,"median",0.0,1.0,False,0,False,False,False,False,False,False,False,270404,"[0.49, 0.304, 0.438, 0.478, 0.484, 0.468, 0.494, 0.48, 0.492, 0.484]"
800,0.1,"[[0, 1, 2, 3]]",True,0.7666666666666666,"mean",0.0,1.0,False,0,False,False,False,False,False,False,False,270404,"[0.542, 0.428, 0.484, 0.484, 0.548, 0.484, 0.508, 0.446, 0.472, 0.46]"
800,0.1,"[[0, 1, 2, 3]]",True,0.7666666666666666,"median",0.0,1.0,False,0,False,False,False,False,False,False,False,270404,"[0.46, 0.578, 0.582, 0.524, 0.534, 0.476, 0.47, 0.542, 0.518, 0.522]"
800,0.1,"[[0, 1, 2, 3]]",True,0.9,"mean",0.0,1.0,False,0,False,False,False,False,False,False,False,270404,"[0.542, 0.428, 0.484, 0.484, 0.548, 0.484, 0.508, 0.446, 0.472, 0.46]"
800,0.1,"[[0, 1, 2, 3]]",True,0.9,"median",0.0,1.0,False,0,False,False,False,False,False,False,False,270404,"[0.46, 0.578, 0.582, 0.524, 0.534, 0.476, 0.47, 0.542, 0.518, 0.522]"
800,1.0,"[[0, 1, 2, 3]]",True,0.5,"mean",0.0,1.0,False,0,False,False,False,False,False,False,False,270404,"[0.646, 0.662, 0.702, 0.674, 0.678, 0.654, 0.644, 0.68, 0.674, 0.7]"
800,1.0,"[[0, 1, 2, 3]]",True,0.5,"median",0.0,1.0,False,0,False,False,False,False,False,False,False,270404,"[0.646, 0.662, 0.702, 0.674, 0.678, 0.654, 0.644, 0.68, 0.674, 0.7]"
800,1.0,"[[0, 1, 2, 3]]",True,0.6333333333333333,"mean",0.0,1.0,False,0,False,False,False,False,False,False,False,270404,"[0.646, 0.662, 0.702, 0.674, 0.678, 0.654, 0.644, 0.68, 0.674, 0.7]"
800,1.0,"[[0, 1, 2, 3]]",True,0.6333333333333333,"median",0.0,1.0,False,0,False,False,False,False,False,False,False,270404,"[0.646, 0.662, 0.702, 0.674, 0.678, 0.654, 0.644, 0.68, 0.674, 0.7]"
800,1.0,"[[0, 1, 2, 3]]",True,0.7666666666666666,"mean",0.0,1.0,False,0,False,False,False,False,False,False,False,270404,"[0.646, 0.662, 0.702, 0.674, 0.678, 0.654, 0.644, 0.68, 0.674, 0.7]"
800,1.0,"[[0, 1, 2, 3]]",True,0.7666666666666666,"median",0.0,1.0,False,0,False,False,False,False,False,False,False,270404,"[0.646, 0.662, 0.702, 0.674, 0.678, 0.654, 0.644, 0.68, 0.674, 0.7]"
800,1.0,"[[0, 1, 2, 3]]",True,0.9,"mean",0.0,1.0,False,0,False,False,False,False,False,False,False,270404,"[0.646, 0.662, 0.702, 0.674, 0.678, 0.654, 0.644, 0.68, 0.674, 0.7]"
800,1.0,"[[0, 1, 2, 3]]",True,0.9,"median",0.0,1.0,False,0,False,False,False,False,False,False,False,270404,"[0.646, 0.662, 0.702, 0.674, 0.678, 0.654, 0.644, 0.68, 0.674, 0.7]"
1000,0.0001,"[[0, 1, 2, 3]]",True,0.5,"mean",0.0,1.0,False,0,False,False,False,False,False,False,False,270404,"[0.646, 0.662, 0.702, 0.674, 0.678, 0.654, 0.644, 0.68, 0.674, 0.7]"
1000,0.0001,"[[0, 1, 2, 3]]",True,0.5,"median",0.0,1.0,False,0,False,False,False,False,False,False,False,270404,"[0.646, 0.662, 0.702, 0.674, 0.678, 0.654, 0.644, 0.68, 0.674, 0.7]"
1000,0.0001,"[[0, 1, 2, 3]]",True,0.6333333333333333,"mean",0.0,1.0,False,0,False,False,False,False,False,False,False,270404,"[0.646, 0.662, 0.702, 0.674, 0.678, 0.654, 0.644, 0.68, 0.674, 0.7]"
1000,0.0001,"[[0, 1, 2, 3]]",True,0.6333333333333333,"median",0.0,1.0,False,0,False,False,False,False,False,False,False,270404,"[0.646, 0.662, 0.702, 0.674, 0.678, 0.654, 0.644, 0.68, 0.674, 0.7]"
1000,0.0001,"[[0, 1, 2, 3]]",True,0.7666666666666666,"mean",0.0,1.0,False,0,False,False,False,False,False,False,False,270404,"[0.646, 0.662, 0.702, 0.674, 0.678, 0.654, 0.644, 0.68, 0.674, 0.7]"
1000,0.0001,"[[0, 1, 2, 3]]",True,0.7666666666666666,"median",0.0,1.0,False,0,False,False,False,False,False,False,False,270404,"[0.646, 0.662, 0.702, 0.674, 0.678, 0.654, 0.644, 0.68, 0.674, 0.7]"
1000,0.0001,"[[0, 1, 2, 3]]",True,0.9,"mean",0.0,1.0,False,0,False,False,False,False,False,False,False,270404,"[0.646, 0.662, 0.702, 0.674, 0.678, 0.654, 0.644, 0.68, 0.674, 0.7]"
1000,0.0001,"[[0, 1, 2, 3]]",True,0.9,"median",0.0,1.0,False,0,False,False,False,False,False,False,False,270404,"[0.646, 0.662, 0.702, 0.674, 0.678, 0.654, 0.644, 0.68, 0.674, 0.7]"
1000,0.001,"[[0, 1, 2, 3]]",True,0.5,"mean",0.0,1.0,False,0,False,False,False,False,False,False,False,270404,"[0.674, 0.684, 0.712, 0.7, 0.69, 0.678, 0.664, 0.696, 0.66, 0.72]"
1000,0.001,"[[0, 1, 2, 3]]",True,0.5,"median",0.0,1.0,False,0,False,False,False,False,False,False,False,270404,"[0.674, 0.684, 0.712, 0.7, 0.688, 0.678, 0.664, 0.696, 0.66, 0.722]"
1000,0.001,"[[0, 1, 2, 3]]",True,0.6333333333333333,"mean",0.0,1.0,False,0,False,False,False,False,False,False,False,270404,"[0.674, 0.684, 0.712, 0.7, 0.69, 0.678, 0.664, 0.696, 0.66, 0.72]"
1000,0.001,"[[0, 1, 2, 3]]",True,0.6333333333333333,"median",0.0,1.0,False,0,False,False,False,False,False,False,False,270404,"[0.674, 0.684, 0.712, 0.7, 0.688, 0.678, 0.664, 0.696, 0.66, 0.722]"
1000,0.001,"[[0, 1, 2, 3]]",True,0.7666666666666666,"mean",0.0,1.0,False,0,False,False,False,False,False,False,False,270404,"[0.68, 0.704, 0.732, 0.702, 0.71, 0.69, 0.674, 0.712, 0.684, 0.738]"
1000,0.001,"[[0, 1, 2, 3]]",True,0.7666666666666666,"median",0.0,1.0,False,0,False,False,False,False,False,False,False,270404,"[0.684, 0.708, 0.734, 0.702, 0.708, 0.692, 0.668, 0.714, 0.684, 0.736]"
1000,0.001,"[[0, 1, 2, 3]]",True,0.9,"mean",0.0,1.0,False,0,False,False,False,False,False,False,False,270404,"[0.68, 0.704, 0.732, 0.702, 0.71, 0.69, 0.674, 0.712, 0.684, 0.738]"
1000,0.001,"[[0, 1, 2, 3]]",True,0.9,"median",0.0,1.0,False,0,False,False,False,False,False,False,False,270404,"[0.684, 0.708, 0.734, 0.702, 0.708, 0.692, 0.668, 0.714, 0.684, 0.736]"
1000,0.01,"[[0, 1, 2, 3]]",True,0.5,"mean",0.0,1.0,False,0,False,False,False,False,False,False,False,270404,"[0.736, 0.688, 0.734, 0.674, 0.642, 0.648, 0.652, 0.654, 0.676, 0.72]"
1000,0.01,"[[0, 1, 2, 3]]",True,0.5,"median",0.0,1.0,False,0,False,False,False,False,False,False,False,270404,"[0.736, 0.69, 0.732, 0.672, 0.642, 0.644, 0.65, 0.654, 0.676, 0.718]"
1000,0.01,"[[0, 1, 2, 3]]",True,0.6333333333333333,"mean",0.0,1.0,False,0,False,False,False,False,False,False,False,270404,"[0.736, 0.688, 0.734, 0.674, 0.642, 0.648, 0.652, 0.654, 0.676, 0.72]"
1000,0.01,"[[0, 1, 2, 3]]",True,0.6333333333333333,"median",0.0,1.0,False,0,False,False,False,False,False,False,False,270404,"[0.736, 0.69, 0.732, 0.672, 0.642, 0.644, 0.65, 0.654, 0.676, 0.718]"
1000,0.01,"[[0, 1, 2, 3]]",True,0.7666666666666666,"mean",0.0,1.0,False,0,False,False,False,False,False,False,False,270404,"[0.724, 0.69, 0.736, 0.674, 0.646, 0.64, 0.648, 0.644, 0.624, 0.704]"
1000,0.01,"[[0, 1, 2, 3]]",True,0.7666666666666666,"median",0.0,1.0,False,0,False,False,False,False,False,False,False,270404,"[0.724, 0.684, 0.734, 0.666, 0.65, 0.626, 0.65, 0.638, 0.634, 0.708]"
1000,0.01,"[[0, 1, 2, 3]]",True,0.9,"mean",0.0,1.0,False,0,False,False,False,False,False,False,False,270404,"[0.724, 0.69, 0.736, 0.674, 0.646, 0.64, 0.648, 0.644, 0.624, 0.704]"
1000,0.01,"[[0, 1, 2, 3]]",True,0.9,"median",0.0,1.0,False,0,False,False,False,False,False,False,False,270404,"[0.724, 0.684, 0.734, 0.666, 0.65, 0.626, 0.65, 0.638, 0.634, 0.708]"
1000,0.1,"[[0, 1, 2, 3]]",True,0.5,"mean",0.0,1.0,False,0,False,False,False,False,False,False,False,270404,"[0.482, 0.426, 0.54, 0.496, 0.502, 0.484, 0.504, 0.536, 0.432, 0.524]"
1000,0.1,"[[0, 1, 2, 3]]",True,0.5,"median",0.0,1.0,False,0,False,False,False,False,False,False,False,270404,"[0.49, 0.396, 0.548, 0.518, 0.504, 0.488, 0.502, 0.536, 0.566, 0.5]"
1000,0.1,"[[0, 1, 2, 3]]",True,0.6333333333333333,"mean",0.0,1.0,False,0,False,False,False,False,False,False,False,270404,"[0.482, 0.426, 0.54, 0.496, 0.502, 0.484, 0.504, 0.536, 0.432, 0.524]"
1000,0.1,"[[0, 1, 2, 3]]",True,0.6333333333333333,"median",0.0,1.0,False,0,False,False,False,False,False,False,False,270404,"[0.49, 0.396, 0.548, 0.518, 0.504, 0.488, 0.502, 0.536, 0.566, 0.5]"
1000,0.1,"[[0, 1, 2, 3]]",True,0.7666666666666666,"mean",0.0,1.0,False,0,False,False,False,False,False,False,False,270404,"[0.556, 0.51, 0.538, 0.472, 0.462, 0.464, 0.452, 0.67, 0.626, 0.306]"
1000,0.1,"[[0, 1, 2, 3]]",True,0.7666666666666666,"median",0.0,1.0,False,0,False,False,False,False,False,False,False,270404,"[0.564, 0.49, 0.488, 0.494, 0.526, 0.472, 0.48, 0.332, 0.622, 0.706]"
1000,0.1,"[[0, 1, 2, 3]]",True,0.9,"mean",0.0,1.0,False,0,False,False,False,False,False,False,False,270404,"[0.556, 0.51, 0.538, 0.472, 0.462, 0.464, 0.452, 0.67, 0.626, 0.306]"
1000,0.1,"[[0, 1, 2, 3]]",True,0.9,"median",0.0,1.0,False,0,False,False,False,False,False,False,False,270404,"[0.564, 0.49, 0.488, 0.494, 0.526, 0.472, 0.48, 0.332, 0.622, 0.706]"
1000,1.0,"[[0, 1, 2, 3]]",True,0.5,"mean",0.0,1.0,False,0,False,False,False,False,False,False,False,270404,"[0.646, 0.662, 0.702, 0.674, 0.678, 0.654, 0.644, 0.68, 0.674, 0.7]"
1000,1.0,"[[0, 1, 2, 3]]",True,0.5,"median",0.0,1.0,False,0,False,False,False,False,False,False,False,270404,"[0.646, 0.662, 0.702, 0.674, 0.678, 0.654, 0.644, 0.68, 0.674, 0.7]"
1000,1.0,"[[0, 1, 2, 3]]",True,0.6333333333333333,"mean",0.0,1.0,False,0,False,False,False,False,False,False,False,270404,"[0.646, 0.662, 0.702, 0.674, 0.678, 0.654, 0.644, 0.68, 0.674, 0.7]"
1000,1.0,"[[0, 1, 2, 3]]",True,0.6333333333333333,"median",0.0,1.0,False,0,False,False,False,False,False,False,False,270404,"[0.646, 0.662, 0.702, 0.674, 0.678, 0.654, 0.644, 0.68, 0.674, 0.7]"
1000,1.0,"[[0, 1, 2, 3]]",True,0.7666666666666666,"mean",0.0,1.0,False,0,False,False,False,False,False,False,False,270404,"[0.646, 0.662, 0.702, 0.674, 0.678, 0.654, 0.644, 0.68, 0.674, 0.7]"
1000,1.0,"[[0, 1, 2, 3]]",True,0.7666666666666666,"median",0.0,1.0,False,0,False,False,False,False,False,False,False,270404,"[0.646, 0.662, 0.702, 0.674, 0.678, 0.654, 0.644, 0.68, 0.674, 0.7]"
1000,1.0,"[[0, 1, 2, 3]]",True,0.9,"mean",0.0,1.0,False,0,False,False,False,False,False,False,False,270404,"[0.646, 0.662, 0.702, 0.674, 0.678, 0.654, 0.644, 0.68, 0.674, 0.7]"
1000,1.0,"[[0, 1, 2, 3]]",True,0.9,"median",0.0,1.0,False,0,False,False,False,False,False,False,False,270404,"[0.646, 0.662, 0.702, 0.674, 0.678, 0.654, 0.644, 0.68, 0.674, 0.7]"
